filename,human,wind/sup-board,boat,bouy,sailboat,kayak
a_1164.jpg,1,1,0,0,0,0
s2_118.jpg,1,0,0,0,0,0
s5_31.jpg,0,0,0,0,0,0
s5_320.jpg,0,0,0,0,0,0
a_1165.jpg,1,1,0,0,0,0
a_1168.jpg,1,1,0,0,0,0
s2_102.jpg,1,0,0,0,0,0
r3_259.jpg,0,0,0,0,0,1
k8_248.jpg,0,0,1,0,0,0
a_1048.jpg,1,1,0,0,0,0
s5_194.jpg,0,0,0,0,0,0
s5_198.jpg,1,0,0,0,0,0
b1_109.jpg,1,1,0,0,0,0
s2_206.jpg,0,0,0,0,0,0
s5_286.jpg,0,0,0,0,0,0
a_1025.jpg,1,1,0,0,0,0
a_1204.jpg,1,1,0,0,0,0
s5_412.jpg,0,0,1,0,0,0
k2_61.jpg,1,0,0,0,0,0
a_1022.jpg,1,1,0,0,0,0
k3_76.jpg,1,0,0,0,0,0
a_367.jpg,1,1,0,0,0,0
c_132.jpg,1,1,0,0,0,0
j2_37.jpg,0,1,1,0,0,0
s2_381.jpg,0,0,0,0,0,0
j2_239.jpg,0,0,1,0,1,0
s5_58.jpg,0,0,0,0,0,0
b1_197.jpg,1,1,0,0,0,0
s5_46.jpg,0,0,0,0,0,0
b1_153.jpg,1,1,0,0,0,0
b1_50.jpg,1,1,0,0,0,0
e_2.jpg,1,0,0,1,0,0
e_91.jpg,1,0,0,1,0,0
a_1026.jpg,1,1,0,0,0,0
j2_242.jpg,0,0,1,1,1,0
r3_155.jpg,0,0,0,0,0,1
w2_223.jpg,1,1,1,0,0,0
r3_286.jpg,0,0,0,0,0,1
b1_219.jpg,1,1,0,0,0,0
r3_288.jpg,0,0,0,0,0,1
a_364.jpg,1,1,0,0,0,0
b1_75.jpg,1,1,0,0,0,0
s2_130.jpg,0,0,0,0,0,0
z2_40.jpg,0,0,0,0,1,0
s2_159.jpg,0,0,0,0,0,0
a_1203.jpg,1,1,0,0,0,0
s5_162.jpg,0,0,0,0,0,0
k4_193.jpg,1,0,1,0,0,0
z2_32.jpg,0,0,0,0,1,0
s5_101.jpg,0,0,0,0,0,0
z3_56.jpg,0,0,1,0,1,0
a_1259.jpg,1,1,0,0,0,0
s5_368.jpg,0,0,0,0,0,0
w2_104.jpg,1,1,1,0,0,0
d_274.jpg,1,1,0,0,0,0
e_98.jpg,1,0,0,1,0,0
k1_56.jpg,1,0,0,0,0,0
k5_26.jpg,1,0,0,0,0,0
w1_111.jpg,1,1,0,0,0,0
s5_201.jpg,0,0,0,0,0,0
a_398.jpg,1,1,0,0,0,0
i3_194.jpg,0,0,0,0,0,0
s5_416.jpg,0,0,1,0,0,0
b1_248.jpg,1,1,0,0,0,0
a_1241.jpg,1,1,0,0,0,0
a_125.jpg,0,0,0,0,0,0
s2_137.jpg,1,0,0,0,0,0
r3_212.jpg,0,0,0,0,0,1
r3_190.jpg,0,0,0,0,0,1
iv_277.jpg,0,0,1,0,0,0
a_412.jpg,1,1,0,0,0,0
b1_139.jpg,1,1,0,0,0,0
iv_265.jpg,0,0,1,0,0,0
s5_219.jpg,0,0,0,0,0,0
z3_68.jpg,0,0,0,0,1,0
ev_914.jpg,1,0,0,1,0,0
r3_198.jpg,0,0,0,0,0,1
a_400.jpg,1,1,0,0,0,0
s5_74.jpg,0,0,0,0,0,0
b1_185.jpg,1,1,0,0,0,0
r3_271.jpg,0,0,0,0,0,1
b1_123.jpg,1,1,0,0,0,0
r3_424.jpg,0,0,0,0,0,1
b1_118.jpg,1,1,0,0,0,0
s5_156.jpg,0,0,0,0,0,0
s5_433.jpg,0,0,1,0,0,0
r3_188.jpg,0,0,0,0,0,1
b1_210.jpg,1,1,0,0,0,0
s1_94.jpg,0,0,0,0,0,0
g_154.jpg,1,0,0,0,0,0
a_1233.jpg,1,1,0,0,0,0
k3_89.jpg,1,0,0,0,0,0
b1_84.jpg,1,1,0,0,0,0
s5_333.jpg,0,0,0,0,0,0
s5_380.jpg,1,0,0,0,0,0
g_36.jpg,1,0,0,0,0,0
s5_350.jpg,0,0,0,0,0,0
s5_113.jpg,0,0,0,0,0,0
a_1130.jpg,1,1,0,0,0,0
r3_258.jpg,0,0,0,0,0,1
s2_277.jpg,0,0,0,0,0,0
s1_156.jpg,1,0,0,0,0,0
d_292.jpg,1,1,0,0,0,0
r3_178.jpg,0,0,0,0,0,1
s5_158.jpg,0,0,0,0,0,0
a_132.jpg,0,0,0,0,0,0
b1_183.jpg,1,1,0,0,0,0
r3_368.jpg,0,0,0,0,0,1
r3_292.jpg,0,0,0,0,0,1
k9_528.jpg,1,0,0,0,0,0
s5_241.jpg,0,0,0,0,0,0
s5_12.jpg,0,0,0,0,0,0
c_70.jpg,1,1,0,0,0,0
s1_77.jpg,1,0,0,0,0,0
r3_219.jpg,0,0,0,0,0,1
r3_23.jpg,0,0,0,0,0,1
s5_343.jpg,0,0,0,0,0,0
w2_217.jpg,1,0,0,0,0,0
k4_191.jpg,1,0,1,0,0,0
k3_109.jpg,1,0,0,0,0,0
b1_61.jpg,1,1,0,0,0,0
r3_363.jpg,0,0,0,0,0,1
s5_288.jpg,0,0,0,0,0,0
a_155.jpg,0,0,0,0,0,0
j2_40.jpg,0,1,1,0,0,0
a_1052.jpg,1,1,0,0,0,0
k4_160.jpg,1,0,0,0,0,0
s5_303.jpg,0,0,0,0,0,0
r3_366.jpg,0,0,0,0,0,1
kb_35.jpg,1,0,0,0,0,0
k4_182.jpg,1,0,0,0,0,0
a_356.jpg,1,1,0,0,0,0
s5_206.jpg,1,0,0,0,0,0
s2_403.jpg,1,0,0,0,0,0
s5_317.jpg,0,0,0,0,0,0
r4_16.jpg,0,0,0,0,0,1
s5_60.jpg,0,0,0,0,0,0
z3_67.jpg,0,0,0,0,1,0
r4_101.jpg,1,0,0,0,0,1
a_135.jpg,0,0,0,0,0,0
r4_111.jpg,0,0,0,0,0,1
i1_13.jpg,1,0,1,0,0,0
b1_292.jpg,1,1,0,0,0,0
s2_227.jpg,1,0,0,0,0,0
b1_150.jpg,1,1,0,0,0,0
s5_311.jpg,0,0,0,0,0,0
b1_182.jpg,1,1,0,0,0,0
s1_203.jpg,0,0,0,0,0,0
k5_73.jpg,1,0,0,0,0,0
s1_69.jpg,0,0,0,0,0,0
s5_120.jpg,1,0,0,0,0,0
s5_57.jpg,0,0,0,0,0,0
s2_117.jpg,1,0,0,0,0,0
a_1032.jpg,1,1,0,0,0,0
a_149.jpg,0,0,0,0,0,0
a_1129.jpg,1,1,0,0,0,0
g_79.jpg,1,0,0,0,0,0
a_151.jpg,0,0,0,0,0,0
z3_61.jpg,0,0,1,0,1,0
a_1149.jpg,1,1,0,0,0,0
a_106.jpg,1,0,0,0,0,0
w1_483.jpg,0,0,1,0,0,0
b1_62.jpg,1,1,0,0,0,0
s2_127.jpg,0,0,0,0,0,0
e_28.jpg,1,0,0,1,0,0
k7_539.jpg,0,0,1,0,0,0
b1_243.jpg,1,1,0,0,0,0
s2_79.jpg,0,0,0,0,0,0
a_1240.jpg,1,1,0,0,0,0
b1_162.jpg,1,1,0,0,0,0
i3_166.jpg,0,0,1,0,0,0
d_448.jpg,1,1,0,0,0,0
g_33.jpg,1,0,0,0,0,0
s5_64.jpg,0,0,0,0,0,0
e_63.jpg,1,0,0,1,0,0
a_441.jpg,1,0,0,0,0,0
d_283.jpg,1,1,0,0,0,0
c_71.jpg,1,1,0,0,0,0
w1_271.jpg,1,1,0,0,0,0
r2_59.jpg,0,0,0,0,0,1
k4_159.jpg,1,0,0,0,0,0
k3_91.jpg,1,0,0,0,0,0
c_137.jpg,1,1,0,0,0,0
r4_93.jpg,0,0,0,0,0,1
a_118.jpg,1,0,0,0,0,0
b1_87.jpg,1,1,0,0,0,0
s5_224.jpg,0,0,0,0,0,0
d_297.jpg,1,1,0,0,0,0
a_1213.jpg,1,1,0,0,0,0
i3_151.jpg,0,0,1,0,1,0
d_422.jpg,1,1,0,0,0,0
d_321.jpg,1,1,0,0,0,0
b1_270.jpg,1,1,0,0,0,0
s1_6.jpg,1,0,0,0,0,0
k1_38.jpg,1,0,0,0,0,0
r3_48.jpg,0,0,0,0,0,1
r3_455.jpg,0,0,0,0,0,1
a_1147.jpg,1,1,0,0,0,0
r2_5.jpg,0,0,0,0,0,1
r3_267.jpg,0,0,0,0,0,1
k3_67.jpg,1,0,0,0,0,0
b1_157.jpg,1,1,0,0,0,0
b1_47.jpg,1,1,0,0,0,0
a_1050.jpg,1,1,0,0,0,0
b1_184.jpg,1,1,0,0,0,0
w2_0.jpg,1,1,1,1,0,0
w2_106.jpg,1,1,1,1,0,0
r3_70.jpg,1,0,0,0,0,1
a_152.jpg,0,0,0,0,0,0
s2_171.jpg,0,0,0,0,0,0
a_1225.jpg,1,1,0,0,0,0
a_1121.jpg,1,1,0,0,0,0
s5_229.jpg,0,0,0,0,0,0
d_332.jpg,1,1,0,0,0,0
z1_49.jpg,1,0,1,0,0,0
r2_60.jpg,0,0,0,0,0,1
fv_9.jpg,1,0,1,0,0,0
s2_235.jpg,1,0,0,0,0,0
k5_57.jpg,1,0,0,0,0,0
a_1244.jpg,1,1,0,0,0,0
e_99.jpg,1,0,0,0,0,0
a_170.jpg,1,1,0,0,0,0
s2_108.jpg,1,0,0,0,0,0
s1_218.jpg,1,0,0,0,0,0
s5_51.jpg,0,0,0,0,0,0
r3_115.jpg,0,0,0,0,0,1
z2_2.jpg,0,0,0,0,1,0
z3_63.jpg,0,0,1,0,1,0
a_1027.jpg,1,1,0,0,0,0
r3_199.jpg,0,0,0,0,0,1
r3_215.jpg,0,0,0,0,0,1
b1_191.jpg,1,1,0,0,0,0
k8_239.jpg,0,0,1,0,0,0
a_447.jpg,1,0,0,0,0,0
f_93.jpg,1,0,0,1,0,0
r3_55.jpg,0,0,0,0,0,1
s1_219.jpg,0,0,0,0,0,0
r2_61.jpg,0,0,0,0,0,1
s5_275.jpg,0,0,0,0,0,0
d_340.jpg,1,1,0,0,0,0
r3_375.jpg,0,0,0,0,0,1
b1_208.jpg,1,1,0,0,0,0
b1_38.jpg,1,1,0,0,0,0
s1_143.jpg,1,0,0,0,0,0
s5_319.jpg,0,0,0,0,0,0
a_312.jpg,1,1,0,0,0,0
b1_175.jpg,1,1,0,0,0,0
a_348.jpg,1,1,0,0,0,0
s2_281.jpg,0,0,0,0,0,0
g_178.jpg,1,0,0,0,0,0
s2_70.jpg,1,0,0,0,0,0
w2_58.jpg,1,1,0,0,0,0
s2_12.jpg,1,0,0,0,0,0
s5_349.jpg,0,0,0,0,0,0
s1_24.jpg,0,0,0,0,0,0
f_89.jpg,1,0,0,1,0,0
b1_189.jpg,1,1,0,0,0,0
s5_371.jpg,0,0,0,0,0,0
b1_59.jpg,1,1,0,0,0,0
s2_123.jpg,1,0,0,0,0,0
k5_12.jpg,1,0,0,0,0,0
c_104.jpg,1,1,0,0,0,0
s5_19.jpg,0,0,0,0,0,0
s2_283.jpg,0,0,0,0,0,0
s5_114.jpg,0,0,0,0,0,0
r2_93.jpg,0,0,0,0,0,1
s1_152.jpg,1,0,0,0,0,0
s1_262.jpg,1,0,0,0,0,0
s5_53.jpg,0,0,0,0,0,0
s5_212.jpg,0,0,0,0,0,0
k6_204.jpg,1,0,0,0,0,0
s1_236.jpg,0,0,0,0,0,0
r2_39.jpg,0,0,0,0,0,1
s5_470.jpg,0,0,1,0,0,0
s5_5.jpg,0,0,0,0,0,0
b1_83.jpg,1,1,0,0,0,0
s5_456.jpg,0,0,1,0,0,0
s5_30.jpg,0,0,0,0,0,0
r3_407.jpg,0,0,0,0,0,1
s2_16.jpg,1,0,0,0,0,0
f_124.jpg,1,0,0,1,0,0
s5_17.jpg,0,0,0,0,0,0
s1_122.jpg,1,0,0,0,0,0
s1_225.jpg,1,0,0,0,0,0
s5_250.jpg,1,0,0,0,0,0
a_1189.jpg,1,1,0,0,0,0
s2_279.jpg,0,0,0,0,0,0
b1_218.jpg,1,1,0,0,0,0
s2_138.jpg,1,0,0,0,0,0
s1_105.jpg,1,0,0,0,0,0
d_294.jpg,1,1,0,0,0,0
s5_455.jpg,0,0,1,0,0,0
s1_175.jpg,1,0,0,0,0,0
s1_10.jpg,1,0,0,0,0,0
s2_400.jpg,0,0,0,0,0,0
s1_54.jpg,0,0,0,0,0,0
e_57.jpg,1,0,0,1,0,0
s5_274.jpg,0,0,0,0,0,0
s5_75.jpg,0,0,0,0,0,0
k5_27.jpg,1,0,0,0,0,0
k4_165.jpg,1,0,0,0,0,0
c_133.jpg,1,1,0,0,0,0
b1_299.jpg,1,1,0,0,0,0
r3_274.jpg,0,0,0,0,0,1
d_306.jpg,1,1,0,0,0,0
a_419.jpg,1,0,0,0,0,0
s5_423.jpg,0,0,1,0,0,0
r3_213.jpg,0,0,0,0,0,1
d_324.jpg,1,1,0,0,0,0
s5_129.jpg,0,0,0,0,0,0
s2_1.jpg,1,0,0,0,0,0
s5_153.jpg,1,0,0,0,0,0
g_186.jpg,1,0,0,0,0,0
r2_66.jpg,0,0,0,0,0,1
g_64.jpg,1,0,0,0,0,0
r4_72.jpg,0,0,0,0,0,1
s5_379.jpg,1,0,0,0,0,0
r2_94.jpg,0,0,0,0,0,1
f_113.jpg,1,0,0,1,0,0
k9_541.jpg,1,0,0,0,0,0
a_1212.jpg,1,1,0,0,0,0
i2_155.jpg,0,0,1,0,1,0
s1_267.jpg,0,0,0,0,0,0
e_58.jpg,1,0,0,1,0,0
s5_267.jpg,0,0,0,0,0,0
a_386.jpg,1,1,0,0,0,0
r3_211.jpg,0,0,0,0,0,1
s2_175.jpg,0,0,0,0,0,0
r3_237.jpg,0,0,0,0,0,1
b1_147.jpg,1,1,0,0,0,0
k5_45.jpg,1,0,0,0,0,0
c_102.jpg,1,1,0,0,0,0
i3_189.jpg,0,0,0,0,0,0
r3_253.jpg,0,0,0,0,0,1
r2_47.jpg,0,0,0,0,0,1
s5_21.jpg,0,0,0,0,0,0
a_1097.jpg,1,1,0,0,0,0
a_1083.jpg,1,0,0,0,0,0
b1_55.jpg,1,1,0,0,0,0
s5_94.jpg,0,0,0,0,0,0
s1_64.jpg,0,0,0,0,0,0
a_1161.jpg,1,1,0,0,0,0
w1_403.jpg,1,1,0,0,0,0
s5_432.jpg,0,0,1,0,0,0
k1_9.jpg,1,0,0,0,0,0
s2_321.jpg,1,0,0,0,0,0
r4_121.jpg,1,0,0,0,0,1
f_86.jpg,1,0,0,1,0,0
s5_375.jpg,0,0,0,0,0,0
s2_406.jpg,1,0,0,0,0,0
s5_195.jpg,0,0,0,0,0,0
s5_440.jpg,0,0,1,0,0,0
z2_9.jpg,0,0,0,0,1,0
s2_237.jpg,0,0,0,0,0,0
r3_419.jpg,0,0,0,0,0,1
r2_35.jpg,0,0,0,0,0,1
r3_200.jpg,0,0,0,0,0,1
s1_83.jpg,1,0,0,0,0,0
w1_0.jpg,1,0,0,0,0,0
r3_443.jpg,0,0,0,0,0,1
s5_115.jpg,0,0,0,0,0,0
s2_234.jpg,1,0,0,0,0,0
s2_65.jpg,1,0,0,0,0,0
k9_536.jpg,1,0,0,0,0,0
k4_190.jpg,1,0,1,0,0,0
s2_92.jpg,0,0,0,0,0,0
f_117.jpg,1,0,0,1,0,0
a_1075.jpg,1,0,0,0,0,0
b1_127.jpg,1,1,0,0,0,0
s5_284.jpg,0,0,0,0,0,0
z3_64.jpg,0,0,1,0,1,0
s2_128.jpg,0,0,0,0,0,0
s2_324.jpg,1,0,0,0,0,0
w1_441.jpg,1,1,1,0,0,0
r4_41.jpg,0,0,0,0,0,1
k9_529.jpg,1,0,0,0,0,0
s5_405.jpg,0,0,1,0,0,0
r3_193.jpg,0,0,0,0,0,1
b1_148.jpg,1,1,0,0,0,0
c_135.jpg,1,1,0,0,0,0
s2_299.jpg,1,0,0,0,0,0
z3_71.jpg,0,0,0,0,1,0
s5_337.jpg,0,0,0,0,0,0
k9_540.jpg,1,0,0,0,0,0
r3_187.jpg,0,0,0,0,0,1
s2_185.jpg,1,0,0,0,0,0
s5_304.jpg,0,0,0,0,0,0
w1_419.jpg,1,1,1,1,0,0
s5_383.jpg,1,0,0,0,0,0
b1_237.jpg,1,1,0,0,0,0
s2_298.jpg,1,0,0,0,0,0
k4_222.jpg,0,0,1,0,0,0
s1_73.jpg,1,0,0,0,0,0
s5_33.jpg,0,0,0,0,0,0
a_1065.jpg,1,1,0,0,0,0
b1_17.jpg,1,1,0,0,0,0
cv_857.jpg,1,1,0,1,0,0
r3_39.jpg,0,0,0,0,0,1
b1_296.jpg,1,1,0,0,0,0
b1_57.jpg,1,1,0,0,0,0
r4_14.jpg,0,0,0,0,0,1
i3_187.jpg,0,0,0,0,0,0
i3_159.jpg,0,0,1,0,0,0
i3_190.jpg,0,0,0,0,0,0
k3_90.jpg,1,0,0,0,0,0
s5_420.jpg,0,0,1,0,0,0
a_1249.jpg,1,1,0,0,0,0
a_337.jpg,1,1,0,0,0,0
s5_463.jpg,0,0,1,0,0,0
a_181.jpg,1,0,0,0,0,0
s5_165.jpg,0,0,0,0,0,1
k3_103.jpg,1,0,0,0,0,0
s1_52.jpg,0,0,0,0,0,0
s5_128.jpg,1,0,0,0,0,0
r3_462.jpg,0,0,0,0,0,1
b1_255.jpg,1,1,0,0,0,0
k2_67.jpg,1,0,0,0,0,0
s1_270.jpg,0,0,0,0,0,0
c_119.jpg,1,1,0,0,0,0
f_85.jpg,1,0,0,1,0,0
d_308.jpg,1,1,0,0,0,0
s5_179.jpg,0,0,0,0,0,0
b1_64.jpg,1,1,0,0,0,0
i3_137.jpg,0,0,0,0,1,0
s5_168.jpg,0,0,0,0,0,0
s5_69.jpg,0,0,0,0,0,0
j1_162.jpg,0,0,0,0,1,0
d_335.jpg,1,1,0,0,0,0
s1_199.jpg,0,0,0,0,0,0
s1_81.jpg,0,0,0,0,0,0
r2_92.jpg,0,0,0,0,0,1
f_104.jpg,1,0,0,1,0,0
b1_41.jpg,1,1,0,0,0,0
b1_52.jpg,1,1,0,0,0,0
s2_210.jpg,1,0,0,0,0,0
a_1062.jpg,1,1,0,0,0,0
s1_276.jpg,0,0,0,0,0,0
s1_135.jpg,0,0,0,0,0,0
b1_81.jpg,1,1,0,0,0,0
f_107.jpg,1,0,0,1,0,0
s2_344.jpg,0,0,0,0,0,0
s1_66.jpg,0,0,0,0,0,0
s2_6.jpg,0,0,0,0,0,0
r3_452.jpg,0,0,0,0,0,1
b1_192.jpg,1,1,0,0,0,0
s1_120.jpg,1,0,0,0,0,0
a_1047.jpg,1,1,0,0,0,0
a_1015.jpg,1,1,0,0,0,0
s5_86.jpg,0,0,0,0,0,0
e_93.jpg,1,0,0,1,0,0
s1_170.jpg,1,0,0,0,0,0
s5_70.jpg,0,0,0,0,0,0
g_44.jpg,1,0,0,0,0,0
b1_203.jpg,1,1,0,0,0,0
s2_385.jpg,0,0,0,0,0,0
j2_238.jpg,0,0,1,0,1,0
i1_11.jpg,1,0,1,0,0,0
a_1037.jpg,1,1,0,0,0,0
r3_381.jpg,0,0,0,0,0,1
a_339.jpg,1,1,0,0,0,0
r3_412.jpg,0,0,0,0,0,1
b1_212.jpg,1,1,0,0,0,0
s2_340.jpg,0,0,0,0,0,0
s2_297.jpg,1,0,0,0,0,0
r3_382.jpg,0,0,0,0,0,1
e_12.jpg,1,0,0,1,0,0
z2_33.jpg,0,0,0,0,1,0
s5_56.jpg,0,0,0,0,0,0
s2_190.jpg,1,0,0,0,0,0
r2_28.jpg,0,0,0,0,0,1
b1_125.jpg,1,1,0,0,0,0
w1_474.jpg,1,1,1,0,0,0
s2_104.jpg,0,0,0,0,0,0
s5_413.jpg,0,0,1,0,0,0
d_328.jpg,1,1,0,0,0,0
i3_176.jpg,0,0,0,0,0,0
s1_7.jpg,1,0,0,0,0,0
b1_79.jpg,1,1,0,0,0,0
s5_180.jpg,0,0,0,0,0,0
g_171.jpg,1,0,0,0,0,0
k5_10.jpg,1,0,0,0,0,0
s5_184.jpg,1,0,0,0,0,0
a_1200.jpg,1,1,0,0,0,0
s5_83.jpg,0,0,0,0,0,0
g_43.jpg,1,0,0,0,0,0
b1_228.jpg,1,1,0,0,0,0
s2_252.jpg,1,0,0,0,0,0
s2_109.jpg,1,0,0,0,0,0
d_367.jpg,1,1,0,0,0,0
s5_133.jpg,0,0,0,0,0,0
w2_179.jpg,1,1,1,0,0,0
s2_133.jpg,0,0,0,0,0,0
s5_310.jpg,0,0,0,0,0,0
g_145.jpg,1,0,0,0,0,0
b1_86.jpg,1,1,0,0,0,0
s2_33.jpg,1,0,0,0,0,0
s2_53.jpg,0,0,0,0,0,0
a_1185.jpg,1,1,0,0,0,0
b1_252.jpg,1,1,0,0,0,0
b1_36.jpg,1,1,0,0,0,0
a_389.jpg,1,1,0,0,0,0
s5_142.jpg,1,0,0,0,0,0
b1_95.jpg,1,1,0,0,0,0
s5_112.jpg,0,0,0,0,0,0
r4_57.jpg,0,0,0,0,0,1
s1_89.jpg,0,0,0,0,0,0
i3_186.jpg,0,0,0,0,0,0
e_19.jpg,1,0,0,1,0,0
s5_254.jpg,1,0,0,0,0,0
k3_47.jpg,1,0,0,0,0,0
s2_132.jpg,0,0,0,0,0,0
s5_35.jpg,0,0,0,0,0,0
f_94.jpg,1,0,0,1,0,0
r3_64.jpg,1,0,0,0,0,1
b1_300.jpg,1,1,0,0,0,0
s5_127.jpg,1,0,0,0,0,0
a_1219.jpg,1,1,0,0,0,0
w1_280.jpg,1,1,0,0,0,0
b1_241.jpg,1,1,0,0,0,0
r3_224.jpg,0,0,0,0,0,1
r3_391.jpg,0,0,0,0,0,1
i3_174.jpg,1,0,0,0,0,0
s1_134.jpg,0,0,0,0,0,0
i3_172.jpg,0,0,0,0,0,0
s2_56.jpg,1,0,0,0,0,0
s5_192.jpg,0,0,0,0,0,0
r4_82.jpg,0,0,0,0,0,1
g_163.jpg,1,0,0,0,0,0
s1_17.jpg,1,0,0,0,0,0
r4_65.jpg,0,0,0,0,0,1
e_35.jpg,1,0,0,1,0,0
s2_112.jpg,1,0,0,0,0,0
e_67.jpg,1,0,0,1,0,0
r3_196.jpg,0,0,0,0,0,1
b1_120.jpg,1,1,0,0,0,0
e_50.jpg,1,0,0,1,0,0
s5_131.jpg,0,0,0,0,0,0
s1_204.jpg,0,0,0,0,0,0
g_181.jpg,1,0,0,0,0,0
a_1255.jpg,1,1,0,0,0,0
d_356.jpg,1,1,0,0,0,0
i3_133.jpg,0,0,0,0,1,0
k1_55.jpg,1,0,0,0,0,0
d_454.jpg,1,1,0,0,0,0
s5_203.jpg,0,0,0,0,0,0
s5_96.jpg,0,0,0,0,0,0
r2_80.jpg,0,0,0,0,0,1
d_327.jpg,1,1,0,0,0,0
g_201.jpg,1,0,0,0,0,0
r2_55.jpg,0,0,0,0,0,1
w1_369.jpg,1,1,1,0,0,0
r3_166.jpg,0,0,0,0,0,1
r4_61.jpg,0,0,0,0,0,1
c_84.jpg,1,1,0,0,0,0
s1_119.jpg,1,0,0,0,0,0
s1_256.jpg,1,0,0,0,0,0
w1_15.jpg,1,1,0,0,0,0
k6_231.jpg,1,0,0,0,0,0
b1_142.jpg,1,1,0,0,0,0
s2_296.jpg,1,0,0,0,0,0
k2_38.jpg,1,0,0,0,0,0
a_1061.jpg,1,1,0,0,0,0
g_148.jpg,1,0,0,0,0,0
e_48.jpg,1,0,0,1,0,0
r3_195.jpg,0,0,0,0,0,1
a_1237.jpg,1,1,0,0,0,0
b1_216.jpg,1,1,0,0,0,0
s5_334.jpg,0,0,0,0,0,0
s5_59.jpg,0,0,0,0,0,0
a_428.jpg,1,0,0,0,0,0
s5_52.jpg,0,0,0,0,0,0
r4_45.jpg,0,0,0,0,0,1
b1_187.jpg,1,1,0,0,0,0
r2_88.jpg,0,0,0,0,0,1
b1_106.jpg,1,1,0,0,0,0
r3_242.jpg,0,0,0,0,0,1
r4_73.jpg,0,0,0,0,0,1
i3_175.jpg,0,0,0,0,0,0
s2_110.jpg,1,0,0,0,0,0
s2_245.jpg,1,0,0,0,0,0
j2_240.jpg,0,0,1,1,1,0
s5_160.jpg,1,0,0,0,0,0
e_23.jpg,1,0,0,1,0,0
s2_307.jpg,0,0,0,0,0,0
d_345.jpg,1,1,0,0,0,0
k5_18.jpg,1,0,0,0,0,0
d_323.jpg,1,1,0,0,0,0
d_296.jpg,1,1,0,0,0,0
k3_86.jpg,1,0,0,0,0,0
s5_107.jpg,0,0,0,0,0,0
a_130.jpg,0,0,0,0,0,0
r3_380.jpg,0,0,0,0,0,1
s5_478.jpg,0,0,0,0,0,0
s1_191.jpg,1,0,0,0,0,0
b1_56.jpg,1,1,0,0,0,0
a_332.jpg,1,1,0,0,0,0
r4_99.jpg,0,0,0,0,0,1
s2_177.jpg,1,0,0,0,0,0
s2_97.jpg,1,0,0,0,0,0
a_112.jpg,1,0,0,0,0,0
s5_122.jpg,0,0,0,0,0,0
r4_77.jpg,0,0,0,0,0,1
a_1199.jpg,1,1,0,0,0,0
a_1021.jpg,1,1,0,0,0,0
a_420.jpg,1,0,0,0,0,0
a_1118.jpg,1,1,0,0,0,0
e_4.jpg,1,0,0,1,0,0
s5_154.jpg,0,0,0,0,0,0
s5_322.jpg,0,0,0,0,0,0
a_1112.jpg,1,1,0,0,0,0
z2_41.jpg,0,0,0,0,1,0
s1_111.jpg,1,0,0,0,0,0
b1_69.jpg,1,1,0,0,0,0
a_394.jpg,1,1,0,0,0,0
z3_72.jpg,0,0,0,0,1,0
i3_156.jpg,0,0,1,0,0,0
r4_90.jpg,0,0,0,0,0,1
k3_80.jpg,1,0,0,0,0,0
a_1145.jpg,1,1,0,0,0,0
d_443.jpg,1,1,0,0,0,0
k3_77.jpg,1,0,0,0,0,0
j2_248.jpg,0,0,1,1,1,0
s5_110.jpg,0,0,0,0,0,0
g_59.jpg,1,0,0,0,0,0
b1_129.jpg,1,1,0,0,0,0
i3_199.jpg,0,0,0,0,0,0
s2_366.jpg,0,0,0,0,0,0
k5_49.jpg,1,0,0,0,0,0
c_142.jpg,1,1,0,0,0,0
a_352.jpg,1,1,0,0,0,0
s5_169.jpg,0,0,0,0,0,0
i3_132.jpg,0,0,0,0,1,0
s5_404.jpg,0,0,1,0,0,0
a_355.jpg,1,1,0,0,0,0
k1_25.jpg,1,0,0,0,0,0
b1_193.jpg,1,1,0,0,0,0
r3_234.jpg,0,0,0,0,0,1
s2_140.jpg,1,0,0,0,0,0
r4_9.jpg,0,0,0,0,0,1
a_301.jpg,1,1,0,0,0,0
z1_34.jpg,1,0,0,0,0,0
a_1085.jpg,1,1,0,0,0,0
d_437.jpg,1,1,0,0,0,0
s1_161.jpg,0,0,0,0,0,0
a_448.jpg,1,0,0,0,0,0
s2_147.jpg,1,0,0,0,0,0
r3_444.jpg,0,0,0,0,0,1
s5_146.jpg,0,0,0,0,0,0
a_408.jpg,1,1,0,0,0,0
s5_55.jpg,0,0,0,0,0,0
s5_476.jpg,0,0,1,0,0,0
z3_65.jpg,0,0,1,0,1,0
d_424.jpg,1,1,0,0,0,0
w2_40.jpg,1,1,1,1,0,0
k4_179.jpg,1,0,0,0,0,0
s2_251.jpg,1,0,0,0,0,0
a_1193.jpg,1,1,0,0,0,0
r3_71.jpg,1,0,0,0,0,1
r3_362.jpg,0,0,0,0,0,1
s5_226.jpg,0,0,0,0,0,0
r3_207.jpg,0,0,0,0,0,1
s1_234.jpg,1,0,0,0,0,0
s2_197.jpg,1,0,0,0,0,0
wv_356.jpg,1,1,0,0,0,0
s5_294.jpg,0,0,0,0,0,0
g_156.jpg,1,0,0,0,0,0
b1_170.jpg,1,1,0,0,0,0
s5_76.jpg,0,0,0,0,0,0
d_337.jpg,1,1,0,0,0,0
a_374.jpg,1,1,0,0,0,0
a_1177.jpg,1,1,0,0,0,0
b1_145.jpg,1,1,0,0,0,0
b1_90.jpg,1,1,0,0,0,0
s2_311.jpg,1,0,0,0,0,0
a_311.jpg,1,1,0,0,0,0
g_147.jpg,1,0,0,0,0,0
z2_7.jpg,0,0,0,0,1,0
i3_170.jpg,1,0,0,0,0,0
a_1040.jpg,1,1,0,0,0,0
a_115.jpg,1,0,0,0,0,0
s5_196.jpg,0,0,0,0,0,0
g_151.jpg,1,0,0,0,0,0
s2_377.jpg,1,0,0,0,0,0
b1_163.jpg,1,1,0,0,0,0
r4_71.jpg,0,0,0,0,0,1
s2_213.jpg,0,0,0,0,0,0
b1_60.jpg,1,1,0,0,0,0
s1_42.jpg,0,0,0,0,0,0
e_8.jpg,1,0,0,1,0,0
r2_41.jpg,0,0,0,0,0,1
r3_78.jpg,1,0,0,0,0,1
b1_277.jpg,1,1,0,0,0,0
s2_160.jpg,0,0,0,0,0,0
s5_300.jpg,0,0,0,0,0,0
s5_261.jpg,0,0,0,0,0,0
s2_222.jpg,0,0,0,0,0,0
r4_117.jpg,0,0,0,0,0,1
a_445.jpg,1,0,0,0,0,0
s5_151.jpg,0,0,0,0,0,0
b1_137.jpg,1,1,0,0,0,0
s5_291.jpg,0,0,0,0,0,0
g_39.jpg,1,0,0,1,0,0
s5_202.jpg,0,0,0,0,0,0
s5_427.jpg,0,0,1,0,0,0
z2_25.jpg,0,0,0,0,1,0
b1_222.jpg,1,1,0,0,0,0
j1_156.jpg,0,0,1,0,1,0
s1_113.jpg,1,0,0,0,0,0
g_189.jpg,1,0,0,0,0,0
r3_68.jpg,1,0,0,0,0,1
w1_128.jpg,1,1,0,0,0,0
r2_31.jpg,0,0,0,0,0,1
k3_108.jpg,1,0,0,0,0,0
r3_184.jpg,0,0,0,0,0,1
s1_38.jpg,0,0,0,0,0,0
c_126.jpg,1,1,0,0,0,0
s2_82.jpg,0,0,0,0,0,0
r2_50.jpg,0,0,0,0,0,1
r3_117.jpg,0,0,0,0,0,1
z2_1.jpg,0,0,0,0,1,0
e_68.jpg,1,0,0,1,0,0
k1_23.jpg,1,0,0,0,0,0
i3_136.jpg,0,0,0,0,1,0
k3_102.jpg,1,0,0,0,0,0
s5_370.jpg,0,0,0,0,0,0
d_361.jpg,1,1,0,0,0,0
b1_266.jpg,1,1,0,0,0,0
s2_120.jpg,0,0,0,0,0,0
r3_174.jpg,0,0,0,0,0,1
k1_61.jpg,1,0,0,0,0,0
iv_272.jpg,0,0,1,0,0,0
i3_142.jpg,0,0,0,0,1,0
r3_431.jpg,0,0,0,0,0,1
b1_128.jpg,1,1,0,0,0,0
g_61.jpg,1,0,0,0,0,0
a_1128.jpg,1,1,0,0,0,0
z2_30.jpg,0,0,0,0,1,0
r4_18.jpg,0,0,0,0,0,1
iv_118.jpg,1,0,1,0,0,0
s1_112.jpg,1,0,0,0,0,0
w2_114.jpg,1,1,1,0,0,0
a_119.jpg,1,0,0,0,0,0
a_358.jpg,1,1,0,0,0,0
s2_329.jpg,1,0,0,0,0,0
r3_413.jpg,0,0,0,0,0,1
s2_32.jpg,1,0,0,0,0,0
a_1218.jpg,1,1,0,0,0,0
k6_194.jpg,1,0,0,0,0,0
r4_2.jpg,0,0,0,0,0,1
r4_58.jpg,0,0,0,0,0,1
w1_193.jpg,1,1,0,0,0,0
a_1069.jpg,1,1,0,0,0,0
a_173.jpg,1,1,0,0,0,0
s2_268.jpg,1,0,0,0,0,0
s1_133.jpg,0,0,0,0,0,0
s2_295.jpg,1,0,0,0,0,0
s1_92.jpg,0,0,0,0,0,0
w1_399.jpg,1,1,0,0,0,0
s2_239.jpg,0,0,0,0,0,0
s5_22.jpg,0,0,0,0,0,0
s5_397.jpg,0,0,1,0,0,0
s2_367.jpg,0,0,0,0,0,0
a_326.jpg,1,1,0,0,0,0
s2_262.jpg,0,0,0,0,0,0
s1_193.jpg,1,0,0,0,0,0
c_127.jpg,1,1,0,0,0,0
k3_101.jpg,1,0,0,0,0,0
s1_252.jpg,0,0,0,0,0,0
s5_119.jpg,1,0,0,0,0,0
r2_32.jpg,0,0,0,0,0,1
s2_165.jpg,0,0,0,0,0,0
r3_374.jpg,0,0,0,0,0,1
z2_5.jpg,0,0,0,0,1,0
j2_247.jpg,0,0,1,1,1,0
k3_105.jpg,1,0,0,0,0,0
a_1084.jpg,1,1,0,0,0,0
cv_1250.jpg,1,1,0,0,0,0
c_91.jpg,1,1,0,0,0,0
s2_100.jpg,0,0,0,0,0,0
b1_275.jpg,1,1,0,0,0,0
a_110.jpg,1,0,0,0,0,0
s2_178.jpg,1,0,0,0,0,0
s5_410.jpg,0,0,1,0,0,0
r3_42.jpg,0,0,0,0,0,1
s2_143.jpg,1,0,0,0,0,0
s2_99.jpg,1,0,0,0,0,0
a_1042.jpg,1,1,0,0,0,0
d_267.jpg,1,1,0,0,0,0
a_373.jpg,1,1,0,0,0,0
d_269.jpg,1,1,0,0,0,0
r3_241.jpg,0,0,0,0,0,1
r2_38.jpg,0,0,0,0,0,1
r3_397.jpg,0,0,0,0,0,1
s2_106.jpg,1,0,0,0,0,0
s1_53.jpg,0,0,0,0,0,0
s2_303.jpg,1,0,0,0,0,0
a_1126.jpg,1,1,0,0,0,0
a_1100.jpg,1,1,0,0,0,0
r4_43.jpg,0,0,0,0,0,1
e_89.jpg,1,0,0,1,0,0
r3_282.jpg,0,0,0,0,0,1
k1_59.jpg,1,0,0,0,0,0
s1_153.jpg,1,0,0,1,0,0
b1_46.jpg,1,1,0,0,0,0
w1_179.jpg,1,1,0,0,0,0
s2_66.jpg,1,0,0,0,0,0
s2_260.jpg,0,0,0,0,0,0
r3_93.jpg,0,0,0,0,0,1
a_379.jpg,1,1,0,0,0,0
s5_49.jpg,0,0,0,0,0,0
kb_31.jpg,1,0,0,0,0,0
e_64.jpg,1,0,0,1,0,0
f_103.jpg,1,0,0,1,0,0
s5_73.jpg,0,0,0,0,0,0
s1_79.jpg,0,0,0,0,0,0
k4_188.jpg,1,0,1,0,0,0
s2_5.jpg,1,0,0,0,0,0
r2_56.jpg,0,0,0,0,0,1
s5_314.jpg,0,0,0,0,0,0
r3_41.jpg,0,0,0,0,0,1
b1_58.jpg,1,1,0,0,0,0
s5_316.jpg,0,0,0,0,0,0
r4_17.jpg,0,0,0,0,0,1
w1_1.jpg,1,0,0,0,0,0
a_1198.jpg,1,1,0,0,0,0
a_1092.jpg,1,1,0,0,0,0
s2_374.jpg,1,0,0,0,0,0
s1_41.jpg,0,0,0,0,0,0
s5_406.jpg,0,0,1,0,0,0
g_80.jpg,1,0,0,0,0,0
a_171.jpg,1,1,0,0,0,0
a_323.jpg,1,1,0,0,0,0
r3_220.jpg,0,0,0,0,0,1
s1_121.jpg,1,0,0,0,0,0
r3_162.jpg,0,0,0,0,0,1
a_346.jpg,1,1,0,0,0,0
k1_62.jpg,1,0,0,0,0,0
s5_469.jpg,0,0,1,0,0,0
a_1224.jpg,1,1,0,0,0,0
r3_221.jpg,0,0,0,0,0,1
a_1044.jpg,1,1,0,0,0,0
s1_259.jpg,1,0,0,0,0,0
a_1226.jpg,1,1,0,0,0,0
g_192.jpg,1,0,0,0,0,0
s5_435.jpg,0,0,1,0,0,0
g_67.jpg,1,0,0,0,0,0
s2_94.jpg,0,0,0,0,0,0
a_331.jpg,1,1,0,0,0,0
s5_472.jpg,0,0,1,0,0,0
k6_183.jpg,1,0,0,0,0,0
d_352.jpg,1,1,0,0,0,0
iv_282.jpg,0,0,1,0,0,0
c_98.jpg,1,1,0,0,0,0
a_333.jpg,1,1,0,0,0,0
a_328.jpg,1,1,0,0,0,0
f_101.jpg,1,0,0,1,0,0
r3_414.jpg,0,0,0,0,0,1
s2_407.jpg,1,0,0,0,0,0
s5_136.jpg,0,0,0,0,0,0
s5_245.jpg,0,0,0,0,0,0
s2_191.jpg,1,0,0,0,0,0
r3_404.jpg,0,0,0,0,0,1
a_1030.jpg,1,1,0,0,0,0
w1_108.jpg,1,1,0,0,0,0
j2_51.jpg,0,0,1,0,0,0
s5_465.jpg,0,0,1,0,0,0
a_357.jpg,1,1,0,0,0,0
k5_5.jpg,1,0,0,0,0,0
e_85.jpg,1,0,0,1,0,0
s2_18.jpg,1,0,0,0,0,0
s5_3.jpg,1,0,0,0,0,0
k3_87.jpg,1,0,0,0,0,0
r3_156.jpg,0,0,0,0,0,1
s1_266.jpg,0,0,0,0,0,0
d_290.jpg,1,1,0,0,0,0
r3_434.jpg,0,0,0,0,0,1
r2_49.jpg,0,0,0,0,0,1
s5_171.jpg,0,0,0,0,0,0
k6_200.jpg,1,0,0,0,0,0
d_426.jpg,1,1,0,0,0,0
r3_263.jpg,0,0,0,0,0,1
s2_325.jpg,1,0,0,0,0,0
s5_467.jpg,0,0,1,0,0,0
a_329.jpg,1,1,0,0,0,0
k6_202.jpg,1,0,0,0,0,0
s1_35.jpg,0,0,0,0,0,0
s2_19.jpg,1,0,0,0,0,0
s5_449.jpg,0,0,1,0,0,0
s2_119.jpg,1,0,0,0,0,0
w1_418.jpg,1,1,1,0,0,0
s5_183.jpg,1,0,0,0,0,0
k3_100.jpg,1,0,0,0,0,0
s2_116.jpg,1,0,0,0,0,0
s5_251.jpg,1,0,0,0,0,0
w1_213.jpg,0,0,1,1,0,0
w1_451.jpg,1,1,1,0,0,0
s2_23.jpg,1,0,0,0,0,0
b1_99.jpg,1,1,0,0,0,0
e_83.jpg,1,0,0,1,0,0
a_433.jpg,1,0,0,0,0,0
s1_192.jpg,1,0,0,0,0,0
r2_69.jpg,0,0,0,0,0,1
a_1227.jpg,1,1,0,0,0,0
r3_62.jpg,1,0,0,0,0,1
g_152.jpg,1,0,0,0,0,0
a_350.jpg,1,1,0,0,0,0
s5_175.jpg,0,0,0,0,0,0
r3_293.jpg,0,0,0,0,0,1
s5_37.jpg,0,0,0,0,0,0
av_1381.jpg,1,1,0,0,0,0
a_1229.jpg,1,1,0,0,0,0
s5_147.jpg,0,0,0,0,0,0
a_1054.jpg,1,1,0,0,0,0
r3_236.jpg,0,0,0,0,0,1
r3_422.jpg,0,0,0,0,0,1
s1_224.jpg,1,0,0,0,0,0
w1_102.jpg,1,1,0,0,0,0
w1_436.jpg,1,1,1,0,0,0
s1_29.jpg,0,0,0,0,0,0
r4_55.jpg,0,0,0,0,0,1
g_179.jpg,1,0,0,0,0,0
s2_312.jpg,0,0,0,0,0,0
s5_298.jpg,0,0,0,0,0,0
s5_422.jpg,0,0,1,0,0,0
k2_58.jpg,1,0,0,0,0,0
j2_39.jpg,0,1,1,0,0,0
f_122.jpg,1,0,0,1,0,0
s1_181.jpg,1,0,0,0,0,0
w1_352.jpg,1,1,0,0,0,0
s5_331.jpg,0,0,0,0,0,0
k5_29.jpg,1,0,0,0,0,0
s2_3.jpg,1,0,0,0,0,0
z1_36.jpg,1,0,0,0,0,0
z1_47.jpg,1,0,1,0,0,0
c_125.jpg,1,1,0,0,0,0
r4_32.jpg,0,0,0,0,0,1
r4_54.jpg,0,0,0,0,0,1
a_147.jpg,0,0,0,0,0,0
e_30.jpg,1,0,0,1,0,0
r4_15.jpg,0,0,0,0,0,1
w2_28.jpg,1,1,0,0,0,0
a_320.jpg,1,1,0,0,0,0
j2_52.jpg,0,0,1,0,0,0
r3_436.jpg,0,0,0,0,0,1
a_303.jpg,1,1,0,0,0,0
z2_31.jpg,0,0,0,0,1,0
b1_198.jpg,1,1,0,0,0,0
s1_76.jpg,1,0,0,0,0,0
s2_322.jpg,1,0,0,0,0,0
k4_176.jpg,1,0,0,0,0,0
a_1247.jpg,1,1,0,0,0,0
c_97.jpg,1,1,0,0,0,0
i3_157.jpg,0,0,1,0,0,0
s2_7.jpg,1,0,0,0,0,0
s2_269.jpg,1,0,0,0,0,0
a_314.jpg,1,1,0,0,0,0
k3_94.jpg,1,0,0,0,0,0
r3_168.jpg,0,0,0,0,0,1
z3_51.jpg,0,0,1,0,1,0
r3_103.jpg,0,0,0,0,0,1
r3_371.jpg,0,0,0,0,0,1
s1_268.jpg,0,0,0,0,0,0
s1_65.jpg,0,0,0,0,0,0
s1_74.jpg,1,0,0,0,0,0
s1_235.jpg,1,0,0,0,0,0
r3_364.jpg,0,0,0,0,0,1
a_102.jpg,1,1,0,0,0,0
b1_68.jpg,1,1,0,0,0,0
b1_176.jpg,1,1,0,0,0,0
s1_207.jpg,0,0,0,0,0,0
s2_339.jpg,0,0,0,0,0,0
s1_188.jpg,1,0,0,0,0,0
b1_21.jpg,1,1,0,0,0,0
s1_195.jpg,0,0,0,0,0,0
c_120.jpg,1,1,0,0,0,0
a_351.jpg,1,1,0,0,0,0
g_62.jpg,1,0,0,0,0,0
d_348.jpg,1,1,0,0,0,0
ev_1030.jpg,1,0,0,1,0,0
s2_4.jpg,1,0,0,0,0,0
s1_179.jpg,1,0,0,0,0,0
a_1223.jpg,1,1,0,0,0,0
s1_255.jpg,1,0,0,0,0,0
k4_171.jpg,1,0,0,0,0,0
r2_16.jpg,0,0,0,0,0,1
k2_46.jpg,1,0,0,0,0,0
w2_227.jpg,1,0,1,1,0,0
w1_144.jpg,1,1,0,0,0,0
s2_378.jpg,1,0,0,0,0,0
d_358.jpg,1,1,0,0,0,0
r2_74.jpg,0,0,0,0,0,1
a_369.jpg,1,1,0,0,0,0
a_1113.jpg,1,1,0,0,0,0
k1_65.jpg,1,0,0,0,0,0
a_1090.jpg,1,1,0,0,0,0
z1_43.jpg,1,0,1,0,0,0
s5_313.jpg,0,0,0,0,0,0
r3_395.jpg,0,0,0,0,0,1
s5_78.jpg,0,0,0,0,0,0
k6_203.jpg,1,0,0,0,0,0
b1_161.jpg,1,1,0,0,0,0
b1_48.jpg,1,1,0,0,0,0
s5_137.jpg,0,0,0,0,0,0
a_1209.jpg,1,1,0,0,0,0
a_1132.jpg,1,1,0,0,0,0
a_1206.jpg,1,1,0,0,0,0
a_1116.jpg,1,1,0,0,0,0
r3_167.jpg,0,0,0,0,0,1
d_365.jpg,1,1,0,0,0,0
a_377.jpg,1,1,0,0,0,0
d_303.jpg,1,1,0,0,0,0
s5_199.jpg,0,0,0,0,0,0
i3_184.jpg,0,0,0,0,0,0
s2_323.jpg,1,0,0,0,0,0
d_280.jpg,1,1,0,0,0,0
s5_436.jpg,0,0,1,0,0,0
b1_204.jpg,1,1,0,0,0,0
g_63.jpg,1,0,0,0,0,0
a_401.jpg,1,1,0,0,0,0
k5_0.jpg,1,0,0,0,0,0
d_302.jpg,1,1,0,0,0,0
s5_231.jpg,0,0,0,0,0,0
r4_6.jpg,0,0,0,0,0,1
g_187.jpg,1,0,0,0,0,0
a_122.jpg,0,0,0,0,0,0
b1_66.jpg,1,1,0,0,0,0
d_357.jpg,1,1,0,0,0,0
e_11.jpg,1,0,0,1,0,0
w1_248.jpg,0,0,1,1,0,0
s5_341.jpg,0,0,0,0,0,0
a_1035.jpg,1,1,0,0,0,0
b1_264.jpg,1,1,0,0,0,0
k9_532.jpg,1,0,0,0,0,0
e_80.jpg,1,0,0,1,0,0
r3_161.jpg,0,0,0,0,0,1
r3_222.jpg,0,0,0,0,0,1
s2_341.jpg,0,0,0,0,0,0
a_1253.jpg,1,1,0,0,0,0
s2_383.jpg,0,0,0,0,0,0
s5_444.jpg,0,0,1,0,0,0
s1_78.jpg,1,0,0,0,0,0
d_278.jpg,1,1,0,0,0,0
b1_283.jpg,1,1,0,0,0,0
f_81.jpg,1,0,0,1,0,0
s5_259.jpg,0,0,0,0,0,0
g_42.jpg,1,0,0,0,0,0
r3_57.jpg,0,0,0,0,0,1
b1_288.jpg,1,1,0,0,0,0
s5_161.jpg,0,0,0,0,0,0
r4_60.jpg,0,0,0,0,0,1
a_324.jpg,1,1,0,0,0,0
w1_267.jpg,1,1,0,0,0,0
k7_533.jpg,0,0,1,0,0,0
a_1235.jpg,1,1,0,0,0,0
d_329.jpg,1,1,0,0,0,0
s1_116.jpg,1,0,0,0,0,0
d_444.jpg,1,1,0,0,0,0
z1_44.jpg,1,0,1,0,0,0
k5_79.jpg,1,0,0,0,0,0
s5_428.jpg,0,0,1,0,0,0
s5_276.jpg,0,0,0,0,0,0
s2_332.jpg,1,0,0,0,0,0
s2_30.jpg,1,0,0,0,0,0
z2_38.jpg,0,0,0,0,1,0
s2_365.jpg,1,0,0,0,0,0
r3_216.jpg,0,0,0,0,0,1
s5_235.jpg,0,0,0,0,0,0
g_162.jpg,1,0,0,0,0,0
s5_71.jpg,0,0,0,0,0,0
g_190.jpg,1,0,0,0,0,0
g_188.jpg,1,0,0,0,0,0
d_318.jpg,1,1,0,0,0,0
r3_243.jpg,0,0,0,0,0,1
a_347.jpg,1,1,0,0,0,0
g_65.jpg,1,0,0,0,0,0
g_84.jpg,1,0,0,0,0,0
s1_60.jpg,0,0,0,0,0,0
s2_182.jpg,1,0,0,0,0,0
b1_15.jpg,1,1,0,0,0,0
s5_378.jpg,1,0,0,0,0,0
r3_94.jpg,0,0,0,0,0,1
k1_43.jpg,1,0,0,0,0,0
r2_68.jpg,0,0,0,0,0,1
s5_189.jpg,1,0,0,0,0,0
s5_446.jpg,0,0,1,0,0,0
a_342.jpg,1,1,0,0,0,0
k5_16.jpg,1,0,0,0,0,0
s5_355.jpg,0,0,0,0,0,0
s5_430.jpg,0,0,1,0,0,0
i2_160.jpg,0,0,1,0,1,0
s2_333.jpg,1,0,0,0,0,0
r3_378.jpg,0,0,0,0,0,1
i3_134.jpg,0,0,0,0,1,0
g_37.jpg,1,0,0,1,0,0
d_428.jpg,1,1,0,0,0,0
r3_173.jpg,0,0,0,0,0,1
s2_372.jpg,1,0,0,0,0,0
r4_52.jpg,0,0,0,0,0,1
a_330.jpg,1,1,0,0,0,0
r3_385.jpg,0,0,0,0,0,1
a_439.jpg,1,0,0,0,0,0
a_145.jpg,0,0,0,0,0,0
k5_62.jpg,1,0,0,0,0,0
i3_188.jpg,0,0,0,0,0,0
z2_36.jpg,0,0,0,0,1,0
s2_264.jpg,1,0,0,0,0,0
a_1169.jpg,1,1,0,0,0,0
dv_0.jpg,1,1,0,0,0,0
r3_38.jpg,0,0,0,0,0,1
s5_102.jpg,0,0,0,0,0,0
a_1036.jpg,1,1,0,0,0,0
s1_160.jpg,0,0,0,0,0,0
s5_197.jpg,0,0,0,0,0,0
s1_165.jpg,1,0,0,0,0,0
k4_169.jpg,1,0,0,0,0,0
b1_178.jpg,1,1,0,0,0,0
k6_185.jpg,1,0,0,0,0,0
s5_99.jpg,0,0,0,0,0,0
a_1017.jpg,1,1,0,0,0,0
a_1264.jpg,1,1,0,0,0,0
a_1123.jpg,1,1,0,0,0,0
a_1190.jpg,1,1,0,0,0,0
c_105.jpg,1,1,0,0,0,0
b1_119.jpg,1,1,0,0,0,0
c_108.jpg,1,1,0,0,0,0
r3_96.jpg,0,0,0,0,0,1
k3_107.jpg,1,0,0,0,0,0
s2_410.jpg,1,0,0,0,0,0
b1_206.jpg,1,1,0,0,0,0
b1_37.jpg,1,1,0,0,0,0
s2_338.jpg,0,0,0,0,0,0
s5_167.jpg,0,0,0,0,0,0
r3_56.jpg,0,0,0,0,0,1
j2_245.jpg,0,0,1,1,1,0
j2_49.jpg,0,0,1,0,0,0
s2_274.jpg,0,0,0,0,0,0
d_445.jpg,1,1,0,0,0,0
i2_161.jpg,0,0,1,0,1,0
s5_364.jpg,0,0,0,0,0,0
b1_85.jpg,1,1,0,0,0,0
b1_223.jpg,1,1,0,0,0,0
s1_71.jpg,1,0,0,0,0,0
k5_69.jpg,1,0,0,0,0,0
g_176.jpg,1,0,0,0,0,0
a_1115.jpg,1,1,0,0,0,0
k3_96.jpg,1,0,0,0,0,0
s5_269.jpg,0,0,0,0,0,0
s5_181.jpg,0,0,0,0,0,0
b1_179.jpg,1,1,0,0,0,0
r2_84.jpg,0,0,0,0,0,1
r3_291.jpg,0,0,0,0,0,1
s5_256.jpg,0,0,0,0,0,0
s2_364.jpg,1,0,0,0,0,0
r3_182.jpg,0,0,0,0,0,1
a_1160.jpg,1,1,0,0,0,0
s2_11.jpg,1,0,0,0,0,0
w1_175.jpg,1,1,0,0,0,0
s1_251.jpg,0,0,0,0,0,0
i3_169.jpg,0,0,1,0,0,0
b1_209.jpg,1,1,0,0,0,0
w1_469.jpg,1,1,1,0,0,0
r3_387.jpg,0,0,0,0,0,1
k9_526.jpg,1,0,0,0,0,0
r3_394.jpg,0,0,0,0,0,1
s1_264.jpg,0,0,0,0,0,0
k1_24.jpg,1,0,0,0,0,0
s2_250.jpg,0,0,0,0,0,0
k8_230.jpg,0,0,1,0,0,0
e_49.jpg,1,0,0,1,0,0
i2_159.jpg,0,0,1,0,1,0
s1_146.jpg,1,0,0,0,0,0
s1_202.jpg,0,0,0,0,0,0
s2_398.jpg,1,0,0,0,0,0
r3_367.jpg,0,0,0,0,0,1
r3_373.jpg,0,0,0,0,0,1
s2_17.jpg,1,0,0,0,0,0
s2_195.jpg,1,0,0,0,0,0
d_334.jpg,1,1,0,0,0,0
k8_243.jpg,0,0,1,0,0,0
a_378.jpg,1,1,0,0,0,0
s5_357.jpg,0,0,0,0,0,0
c_72.jpg,1,1,0,0,0,0
s1_263.jpg,1,0,0,0,0,0
k4_201.jpg,1,0,1,0,0,0
e_16.jpg,1,0,0,1,0,0
s2_394.jpg,1,0,0,0,0,0
s5_191.jpg,1,0,0,0,0,0
z3_70.jpg,0,0,0,0,1,0
a_1243.jpg,1,1,0,0,0,0
s1_261.jpg,1,0,0,0,0,0
s5_164.jpg,0,0,0,0,0,0
a_1140.jpg,1,1,0,0,0,0
r4_78.jpg,0,0,0,0,0,1
b1_295.jpg,1,1,0,0,0,0
s1_46.jpg,0,0,0,0,0,0
s2_35.jpg,1,0,0,0,0,0
s5_328.jpg,0,0,0,0,0,0
k6_233.jpg,1,0,0,0,0,0
a_1238.jpg,1,1,0,0,0,0
s5_238.jpg,0,0,0,0,0,0
s2_49.jpg,0,0,0,0,0,0
j1_154.jpg,0,0,1,0,1,0
s2_84.jpg,0,0,0,0,0,0
r4_20.jpg,0,0,0,0,0,1
s5_77.jpg,0,0,0,0,0,0
a_1078.jpg,1,0,0,0,0,0
w1_133.jpg,1,1,0,0,0,0
e_65.jpg,1,0,0,1,0,0
r3_189.jpg,0,0,0,0,0,1
a_1191.jpg,1,1,0,0,0,0
s2_360.jpg,0,0,0,0,0,0
d_449.jpg,1,1,0,0,0,0
r2_30.jpg,0,0,0,0,0,1
a_174.jpg,1,1,0,0,0,0
r3_388.jpg,0,0,0,0,0,1
s5_234.jpg,0,0,0,0,0,0
k3_63.jpg,1,0,0,0,0,0
s5_461.jpg,0,0,1,0,0,0
c_129.jpg,1,1,0,0,0,0
e_14.jpg,1,0,0,1,0,0
b1_301.jpg,1,1,0,0,0,0
s5_242.jpg,0,0,0,0,0,0
e_47.jpg,1,0,0,1,0,0
r3_392.jpg,0,0,0,0,0,1
s5_264.jpg,0,0,0,0,0,0
s1_145.jpg,1,0,0,0,0,0
r4_122.jpg,1,0,0,0,0,1
c_147.jpg,1,1,0,0,0,0
g_150.jpg,1,0,0,0,0,0
s1_140.jpg,1,0,0,0,0,0
d_355.jpg,1,1,0,0,0,0
k4_187.jpg,1,0,1,0,0,0
s2_382.jpg,0,0,0,0,0,0
k5_40.jpg,1,0,0,0,0,0
s2_330.jpg,1,0,0,0,0,0
s2_337.jpg,0,0,0,0,0,0
r3_401.jpg,0,0,0,0,0,1
s2_85.jpg,0,0,0,0,0,0
a_336.jpg,1,1,0,0,0,0
b1_143.jpg,1,1,0,0,0,0
s5_388.jpg,1,0,0,0,0,0
s1_171.jpg,1,0,0,0,0,0
r3_261.jpg,0,0,0,0,0,1
r3_402.jpg,0,0,0,0,0,1
s1_139.jpg,1,0,0,0,0,0
s2_241.jpg,0,0,0,0,0,0
s2_358.jpg,0,0,0,0,0,0
a_354.jpg,1,1,0,0,0,0
s2_309.jpg,1,0,0,0,0,0
s2_267.jpg,1,0,0,0,0,0
s5_54.jpg,0,0,0,0,0,0
s2_293.jpg,1,0,0,0,0,0
s5_103.jpg,0,0,0,0,0,0
e_69.jpg,1,0,0,1,0,0
r3_108.jpg,0,0,0,0,0,1
r3_113.jpg,0,0,0,0,0,1
s5_208.jpg,0,0,0,0,0,0
s5_346.jpg,0,0,0,0,0,0
a_1252.jpg,1,1,0,0,0,0
k5_64.jpg,1,0,0,0,0,0
i3_160.jpg,0,0,1,0,0,0
s2_289.jpg,1,0,0,0,0,0
r3_101.jpg,0,0,0,0,0,1
k9_538.jpg,1,0,0,0,0,0
i3_198.jpg,0,0,0,0,0,0
b1_231.jpg,1,1,0,0,0,0
e_1.jpg,1,0,0,1,0,0
w1_445.jpg,1,1,1,0,0,0
s5_352.jpg,0,0,0,0,0,0
s2_63.jpg,0,0,0,0,0,0
r3_47.jpg,0,0,0,0,0,1
s2_396.jpg,1,0,0,0,0,0
a_1056.jpg,1,1,0,0,0,0
k1_26.jpg,1,0,0,0,0,0
r4_37.jpg,0,0,0,0,0,1
s5_282.jpg,0,0,0,0,0,0
r3_411.jpg,0,0,0,0,0,1
r2_22.jpg,0,0,0,0,0,1
a_1170.jpg,1,1,0,0,0,0
s1_206.jpg,0,0,0,0,0,0
s5_312.jpg,0,0,0,0,0,0
r3_217.jpg,0,0,0,0,0,1
d_322.jpg,1,1,0,0,0,0
d_316.jpg,1,1,0,0,0,0
a_1094.jpg,1,1,0,0,0,0
s2_89.jpg,0,0,0,0,0,0
a_1202.jpg,1,1,0,0,0,0
a_185.jpg,1,0,0,0,0,0
g_153.jpg,1,0,0,0,0,0
k3_92.jpg,1,0,0,0,0,0
c_79.jpg,1,1,0,0,0,0
s5_280.jpg,0,0,0,0,0,0
kb_30.jpg,1,0,0,0,0,0
i2_163.jpg,0,0,1,0,1,0
s2_199.jpg,1,0,0,0,0,0
d_453.jpg,1,1,0,0,0,0
r3_27.jpg,0,0,0,0,0,1
a_427.jpg,1,0,0,0,0,0
s2_249.jpg,1,0,0,0,0,0
z1_42.jpg,1,0,1,0,0,0
b1_29.jpg,1,1,0,0,0,0
a_1068.jpg,1,1,0,0,0,0
r2_52.jpg,0,0,0,0,0,1
k1_44.jpg,1,0,0,0,0,0
w1_463.jpg,1,1,0,0,0,0
r4_24.jpg,0,0,0,0,0,1
s2_26.jpg,1,0,0,0,0,0
w1_428.jpg,0,0,1,1,0,0
r3_272.jpg,0,0,0,0,0,1
k5_20.jpg,1,0,0,0,0,0
e_54.jpg,1,0,0,1,0,0
e_32.jpg,1,0,0,0,0,0
w1_198.jpg,1,1,0,0,0,0
a_1258.jpg,1,1,0,0,0,0
s2_291.jpg,0,0,0,0,0,0
c_140.jpg,1,1,0,0,0,0
d_338.jpg,1,1,0,0,0,0
d_287.jpg,1,1,0,0,0,0
w2_100.jpg,1,1,1,0,0,0
b1_238.jpg,1,1,0,0,0,0
s2_231.jpg,1,0,0,0,0,0
s2_349.jpg,0,0,0,0,0,0
b1_190.jpg,1,1,0,0,0,0
c_113.jpg,1,1,0,0,0,0
a_361.jpg,1,1,0,0,0,0
s1_272.jpg,0,0,0,0,0,0
s2_350.jpg,0,0,0,0,0,0
s1_249.jpg,0,0,0,0,0,0
s2_265.jpg,1,0,0,0,0,0
g_51.jpg,1,0,0,0,0,0
b1_194.jpg,1,1,0,0,0,0
r2_65.jpg,0,0,0,0,0,1
b1_290.jpg,1,1,0,0,0,0
r3_441.jpg,0,0,0,0,0,1
r3_49.jpg,0,0,0,0,0,1
b1_45.jpg,1,1,0,0,0,0
a_1182.jpg,1,1,0,0,0,0
w1_423.jpg,1,1,1,1,0,0
s2_390.jpg,0,0,0,0,0,0
d_440.jpg,1,1,0,0,0,0
s5_139.jpg,0,0,0,0,0,0
g_172.jpg,1,0,0,0,0,0
r4_91.jpg,0,0,0,0,0,1
c_116.jpg,1,1,0,0,0,0
k4_197.jpg,1,0,1,0,0,0
i3_140.jpg,0,0,0,0,1,0
a_1023.jpg,1,1,0,0,0,0
r4_13.jpg,0,0,0,0,0,1
b1_168.jpg,1,1,0,0,0,0
i3_195.jpg,0,0,0,0,0,0
a_1178.jpg,1,1,0,0,0,0
w2_25.jpg,1,1,0,0,0,0
d_362.jpg,1,1,0,0,0,0
a_1073.jpg,1,0,0,0,0,0
s5_395.jpg,0,0,1,0,0,0
s5_186.jpg,1,0,0,0,0,0
a_1028.jpg,1,1,0,0,0,0
r3_177.jpg,0,0,0,0,0,1
r3_369.jpg,0,0,0,0,0,1
f_82.jpg,1,0,0,1,0,0
z2_37.jpg,0,0,0,0,1,0
r3_43.jpg,0,0,0,0,0,1
s1_114.jpg,1,0,0,0,0,0
w1_17.jpg,1,1,0,0,0,0
s2_121.jpg,1,0,0,0,0,0
r3_251.jpg,0,0,0,0,0,1
b1_244.jpg,1,1,0,0,0,0
s5_32.jpg,0,0,0,0,0,0
s5_374.jpg,0,0,0,0,0,0
s5_471.jpg,0,0,1,0,0,0
b1_246.jpg,1,1,0,0,0,0
k8_247.jpg,0,0,1,0,0,0
s5_323.jpg,0,0,0,0,0,0
j2_47.jpg,0,0,1,0,0,0
b1_262.jpg,1,1,0,0,0,0
s2_183.jpg,1,0,0,0,0,0
b1_72.jpg,1,1,0,0,0,0
r4_33.jpg,0,0,0,0,0,1
c_96.jpg,1,1,0,0,0,0
i2_157.jpg,0,0,1,0,1,0
d_272.jpg,1,1,0,0,0,0
s5_223.jpg,0,0,0,0,0,0
s1_194.jpg,1,0,0,0,0,0
s5_109.jpg,0,0,0,0,0,0
s5_90.jpg,0,0,0,0,0,0
a_1207.jpg,1,1,0,0,0,0
s2_288.jpg,0,0,0,0,0,0
e_62.jpg,1,0,0,1,0,0
r3_233.jpg,0,0,0,0,0,1
a_1137.jpg,1,1,0,0,0,0
a_334.jpg,1,1,0,0,0,0
r3_170.jpg,0,0,0,0,0,1
a_407.jpg,1,1,0,0,0,0
s2_125.jpg,1,0,0,0,0,0
s2_408.jpg,1,0,0,0,0,0
f_83.jpg,1,0,0,1,0,0
g_174.jpg,1,0,0,0,0,0
k5_3.jpg,1,0,0,0,0,0
s5_66.jpg,0,0,0,0,0,0
a_184.jpg,1,0,0,0,0,0
i3_145.jpg,0,0,0,0,1,0
z1_46.jpg,1,0,1,0,0,0
e_97.jpg,1,0,0,1,0,0
k4_186.jpg,1,0,1,0,0,0
r2_27.jpg,0,0,0,0,0,1
a_156.jpg,0,0,0,0,0,0
r4_116.jpg,0,0,0,0,0,1
k1_6.jpg,1,0,0,0,0,0
e_52.jpg,1,0,0,1,0,0
s2_205.jpg,1,0,0,0,0,0
r3_252.jpg,0,0,0,0,0,1
k4_194.jpg,1,0,1,0,0,0
z3_54.jpg,0,0,1,0,1,0
i1_9.jpg,1,0,1,0,0,0
s5_293.jpg,0,0,0,0,0,0
r4_30.jpg,0,0,0,0,0,1
s2_107.jpg,1,0,0,0,0,0
a_1064.jpg,1,1,0,0,0,0
r3_432.jpg,0,0,0,0,0,1
b1_186.jpg,1,1,0,0,0,0
d_419.jpg,1,1,0,0,0,0
e_82.jpg,1,0,0,1,0,0
s2_149.jpg,1,0,0,0,0,0
s2_93.jpg,0,0,0,0,0,0
a_1072.jpg,1,0,0,0,0,0
a_176.jpg,1,1,0,0,0,0
i3_180.jpg,0,0,0,0,0,0
c_131.jpg,1,1,0,0,0,0
s2_144.jpg,1,0,0,0,0,0
f_100.jpg,1,0,0,1,0,0
b1_18.jpg,1,1,0,0,0,0
s5_108.jpg,0,0,0,0,0,0
r4_85.jpg,0,0,0,0,0,1
w1_310.jpg,1,1,0,0,0,0
f_92.jpg,1,0,0,1,0,0
b1_71.jpg,1,1,0,0,0,0
a_1055.jpg,1,1,0,0,0,0
s1_226.jpg,1,0,0,0,0,0
r3_116.jpg,0,0,0,0,0,1
s5_464.jpg,0,0,1,0,0,0
k4_185.jpg,1,0,1,0,0,0
k4_170.jpg,1,0,0,0,0,0
s1_205.jpg,0,0,0,0,0,0
i3_139.jpg,0,0,0,0,1,0
s1_136.jpg,0,0,0,0,0,0
s5_260.jpg,0,0,0,0,0,0
a_1082.jpg,1,0,0,0,0,0
g_199.jpg,1,0,0,0,0,0
s5_344.jpg,0,0,0,0,0,0
s5_354.jpg,0,0,0,0,0,0
s2_151.jpg,1,0,0,0,0,0
wv_411.jpg,1,1,0,0,0,0
s5_92.jpg,0,0,0,0,0,0
r3_383.jpg,0,0,0,0,0,1
s1_47.jpg,0,0,0,0,0,0
s1_108.jpg,1,0,0,0,0,0
a_1205.jpg,1,1,0,0,0,0
e_3.jpg,1,0,0,1,0,0
s2_61.jpg,0,0,0,0,0,0
b1_167.jpg,1,1,0,0,0,0
i3_191.jpg,0,0,0,0,0,0
d_455.jpg,1,1,0,0,0,0
r4_48.jpg,0,0,0,0,0,1
s2_36.jpg,1,0,0,0,0,0
s2_236.jpg,1,0,0,0,0,0
s1_118.jpg,1,0,0,0,0,0
s5_417.jpg,0,0,1,0,0,0
b1_111.jpg,1,1,0,0,0,0
s1_163.jpg,0,0,0,0,0,0
r3_423.jpg,0,0,0,0,0,1
s5_290.jpg,0,0,0,0,0,0
r3_295.jpg,0,0,0,0,0,1
s1_20.jpg,0,0,0,0,0,0
s5_305.jpg,0,0,0,0,0,0
b1_174.jpg,1,1,0,0,0,0
z2_34.jpg,0,0,0,0,1,0
z3_58.jpg,0,0,1,0,1,0
k3_64.jpg,1,0,0,0,0,0
a_1076.jpg,1,0,0,0,0,0
f_105.jpg,1,0,0,1,0,0
c_138.jpg,1,1,0,0,0,0
b1_215.jpg,1,1,0,0,0,0
f_112.jpg,1,0,0,1,0,0
k8_237.jpg,0,0,1,0,0,0
r3_192.jpg,0,0,0,0,0,1
d_435.jpg,1,1,0,0,0,0
z2_0.jpg,0,0,0,0,1,0
r4_113.jpg,0,0,0,0,0,1
c_88.jpg,1,1,0,0,0,0
r3_59.jpg,1,0,0,0,0,1
k4_198.jpg,1,0,1,0,0,0
f_91.jpg,1,0,0,1,0,0
s2_393.jpg,1,0,0,0,0,0
s5_190.jpg,1,0,0,0,0,0
d_360.jpg,1,1,0,0,0,0
r3_40.jpg,0,0,0,0,0,1
b1_251.jpg,1,1,0,0,0,0
r4_12.jpg,0,0,0,0,0,1
a_1014.jpg,1,1,0,0,0,0
g_60.jpg,1,0,0,0,0,0
k1_58.jpg,1,0,0,0,0,0
r4_102.jpg,1,0,0,0,0,1
a_107.jpg,1,0,0,0,0,0
s2_266.jpg,1,0,0,0,0,0
a_1179.jpg,1,1,0,0,0,0
s1_9.jpg,1,0,0,0,0,1
s1_147.jpg,1,0,0,0,0,0
e_36.jpg,1,0,0,1,0,0
s2_2.jpg,1,0,0,0,0,0
b1_43.jpg,1,1,0,0,0,0
s1_211.jpg,0,0,0,0,0,0
s5_25.jpg,0,0,0,0,0,0
s5_361.jpg,0,0,0,0,0,0
s1_190.jpg,1,0,0,0,0,0
r3_102.jpg,0,0,0,0,0,1
s2_388.jpg,0,0,0,0,0,0
k5_23.jpg,1,0,0,0,0,0
w1_376.jpg,1,1,1,0,0,0
r4_81.jpg,0,0,0,0,0,1
a_1217.jpg,1,1,0,0,0,0
r2_89.jpg,0,0,0,0,0,1
r4_22.jpg,0,0,0,0,0,1
a_436.jpg,1,0,0,0,0,0
d_314.jpg,1,1,0,0,0,0
z2_28.jpg,0,0,0,0,1,0
k4_223.jpg,0,0,1,0,0,0
s2_21.jpg,0,0,0,0,0,0
d_353.jpg,1,1,0,0,0,0
d_319.jpg,1,1,0,0,0,0
z3_45.jpg,1,0,1,0,1,0
s2_294.jpg,1,0,0,0,0,0
c_87.jpg,1,1,0,0,0,0
g_35.jpg,1,0,0,0,0,0
b1_40.jpg,1,1,0,0,0,0
s1_180.jpg,1,0,0,0,0,0
s1_217.jpg,1,0,0,0,0,0
a_1150.jpg,1,1,0,0,0,0
s2_336.jpg,0,0,0,0,0,0
r3_386.jpg,0,0,0,0,0,1
k4_214.jpg,1,0,1,0,0,0
w2_16.jpg,1,1,1,0,0,0
s2_55.jpg,0,0,0,0,0,0
a_1139.jpg,1,1,0,0,0,0
b1_26.jpg,1,1,0,0,0,0
s2_103.jpg,0,0,0,0,0,0
s1_125.jpg,0,0,0,0,0,0
s2_48.jpg,0,0,0,0,0,0
c_143.jpg,1,1,0,0,0,0
s2_270.jpg,0,0,0,0,0,0
a_317.jpg,1,1,0,0,0,0
s1_70.jpg,0,0,0,0,0,0
r2_8.jpg,0,0,0,0,0,1
k3_78.jpg,1,0,0,0,0,0
s5_325.jpg,0,0,0,0,0,0
r4_7.jpg,0,0,0,0,0,1
w1_10.jpg,1,1,0,0,0,0
r3_160.jpg,0,0,0,0,0,1
e_41.jpg,1,0,0,0,0,0
a_1108.jpg,1,1,0,0,0,0
a_399.jpg,1,1,0,0,0,0
r3_440.jpg,0,0,0,0,0,1
k8_242.jpg,0,0,1,0,0,0
a_1163.jpg,1,1,0,0,0,0
c_130.jpg,1,1,0,0,0,0
s5_409.jpg,0,0,1,0,0,0
d_311.jpg,1,1,0,0,0,0
k4_161.jpg,1,0,0,0,0,0
s5_459.jpg,0,0,1,0,0,0
s1_59.jpg,0,0,0,0,0,0
s2_280.jpg,0,0,0,0,0,0
r3_389.jpg,0,0,0,0,0,1
k2_51.jpg,1,0,0,0,0,0
d_342.jpg,1,1,0,0,0,0
a_335.jpg,1,1,0,0,0,0
s5_132.jpg,0,0,0,0,0,0
r2_77.jpg,0,0,0,0,0,1
a_1071.jpg,1,0,0,0,0,0
j2_246.jpg,0,0,1,1,1,0
s2_91.jpg,0,0,0,0,0,0
b1_74.jpg,1,1,0,0,0,0
k4_217.jpg,1,0,1,0,0,0
s5_315.jpg,0,0,0,0,0,0
r3_289.jpg,0,0,0,0,0,1
s5_277.jpg,0,0,0,0,0,0
a_1057.jpg,1,1,0,0,0,0
r2_76.jpg,0,0,0,0,0,1
i3_164.jpg,0,0,1,0,0,0
r4_76.jpg,0,0,0,0,0,1
e_44.jpg,1,0,0,1,0,0
s5_68.jpg,0,0,0,0,0,0
a_1127.jpg,1,1,0,0,0,0
s1_88.jpg,0,0,0,0,0,0
r3_226.jpg,0,0,0,0,0,1
i3_149.jpg,0,0,0,0,1,0
e_86.jpg,1,0,0,1,0,0
a_429.jpg,1,0,0,0,0,0
k9_535.jpg,1,0,0,0,0,0
w1_330.jpg,1,1,0,0,0,0
a_370.jpg,1,1,0,0,0,0
r3_58.jpg,1,0,0,0,0,1
b1_293.jpg,1,1,0,0,0,0
s5_100.jpg,0,0,0,0,0,0
s2_150.jpg,1,0,0,0,0,0
r4_59.jpg,0,0,0,0,0,1
s5_257.jpg,0,0,0,0,0,0
s2_38.jpg,0,0,0,0,0,0
k9_534.jpg,1,0,0,0,0,0
b1_250.jpg,1,1,0,0,0,0
s5_266.jpg,0,0,0,0,0,0
r2_82.jpg,0,0,0,0,0,1
r4_19.jpg,0,0,0,0,0,1
s5_243.jpg,0,0,0,0,0,0
r2_44.jpg,0,0,0,0,0,1
s2_22.jpg,1,0,0,0,0,0
r3_280.jpg,0,0,0,0,0,1
k3_99.jpg,1,0,0,0,0,0
a_1155.jpg,1,1,0,0,0,0
r3_29.jpg,0,0,0,0,0,1
a_1187.jpg,1,1,0,0,0,0
d_416.jpg,1,1,0,0,0,0
c_111.jpg,1,1,0,0,0,0
k2_39.jpg,1,0,0,0,0,0
w1_473.jpg,1,1,1,0,0,0
k3_93.jpg,1,0,0,0,0,0
s2_240.jpg,0,0,0,0,0,0
a_169.jpg,1,1,0,0,0,0
b1_39.jpg,1,1,0,0,0,0
r3_197.jpg,0,0,0,0,0,1
s1_257.jpg,0,0,0,0,0,1
z2_16.jpg,0,0,0,0,1,0
r3_44.jpg,0,0,0,0,0,1
s2_0.jpg,1,0,0,0,0,0
a_371.jpg,1,1,0,0,0,0
r3_153.jpg,0,0,0,0,0,1
s1_172.jpg,1,0,0,0,0,0
k2_59.jpg,1,0,0,0,0,0
i1_15.jpg,1,0,1,0,0,0
w1_466.jpg,1,1,0,0,0,0
s2_373.jpg,1,0,0,0,0,0
r4_3.jpg,0,0,0,0,0,1
s2_187.jpg,1,0,0,0,0,0
s1_157.jpg,1,0,0,0,0,0
r4_47.jpg,0,0,0,0,0,1
r3_119.jpg,0,0,0,0,0,1
k4_174.jpg,1,0,0,0,0,0
a_1039.jpg,1,1,0,0,0,0
s5_16.jpg,0,0,0,0,0,0
b1_107.jpg,1,1,0,0,0,0
r3_446.jpg,0,0,0,0,0,1
s2_58.jpg,1,0,0,0,0,0
e_72.jpg,1,0,0,1,0,0
a_1234.jpg,1,1,0,0,0,0
b1_291.jpg,1,1,0,0,0,0
d_425.jpg,1,1,0,0,0,0
b1_207.jpg,1,1,0,0,0,0
s2_136.jpg,0,0,0,0,0,0
s1_212.jpg,0,0,0,0,0,0
s2_290.jpg,0,0,0,0,0,0
r3_85.jpg,0,0,0,0,0,1
j2_237.jpg,0,0,1,0,1,0
b1_232.jpg,1,1,0,0,0,0
f_115.jpg,1,0,0,1,0,0
s2_331.jpg,1,0,0,0,0,0
r2_91.jpg,0,0,0,0,0,1
i3_158.jpg,0,0,1,0,0,0
s2_232.jpg,1,0,0,0,0,0
s2_134.jpg,0,0,0,0,0,0
j2_42.jpg,0,1,1,0,0,0
g_196.jpg,1,0,0,0,0,0
c_112.jpg,1,1,0,0,0,0
s1_244.jpg,1,0,0,0,0,0
c_93.jpg,1,1,0,0,0,0
r3_285.jpg,0,0,0,0,0,1
s5_134.jpg,0,0,0,0,0,0
k6_186.jpg,1,0,0,0,0,0
s1_58.jpg,0,0,0,0,0,0
s1_254.jpg,0,0,0,0,0,0
s2_186.jpg,1,0,0,0,0,0
r4_26.jpg,0,0,0,0,0,1
s2_139.jpg,1,0,0,0,0,0
g_58.jpg,1,0,0,0,0,0
s1_18.jpg,1,0,0,0,0,0
b1_42.jpg,1,1,0,0,0,0
s1_5.jpg,1,0,0,0,0,0
i1_5.jpg,1,0,1,0,0,0
k8_238.jpg,0,0,1,0,0,0
s5_65.jpg,0,0,0,0,0,0
dv_1199.jpg,1,1,0,0,0,0
a_344.jpg,1,1,0,0,0,0
w1_387.jpg,1,1,1,0,0,0
s1_200.jpg,0,0,0,0,0,0
s2_31.jpg,1,0,0,0,0,0
r3_205.jpg,0,0,0,0,0,1
s1_141.jpg,1,0,0,0,0,0
i3_177.jpg,0,0,0,0,0,0
s5_246.jpg,0,0,0,0,0,0
j1_152.jpg,0,0,1,0,1,0
s1_246.jpg,0,0,0,0,0,0
z3_59.jpg,0,0,1,0,1,0
d_447.jpg,1,1,0,0,0,0
r3_415.jpg,0,0,0,0,0,1
d_421.jpg,1,1,0,0,0,0
a_1101.jpg,1,1,0,0,0,0
g_195.jpg,1,0,0,0,0,0
g_83.jpg,1,0,0,0,0,0
b1_121.jpg,1,1,0,0,0,0
b1_133.jpg,1,1,0,0,0,0
r3_201.jpg,0,0,0,0,0,1
k7_537.jpg,0,0,1,0,0,0
s2_201.jpg,1,0,1,0,0,0
d_301.jpg,1,1,0,0,0,0
b1_151.jpg,1,1,0,0,0,0
s2_101.jpg,0,0,0,0,0,0
s2_9.jpg,1,0,0,0,0,0
b1_78.jpg,1,1,0,0,0,0
s2_90.jpg,0,0,0,0,0,0
r4_56.jpg,0,0,0,0,0,1
s2_60.jpg,0,0,0,0,0,0
r2_2.jpg,0,0,0,0,0,1
w2_22.jpg,1,1,0,0,0,0
a_139.jpg,0,0,0,0,0,0
s1_237.jpg,0,0,0,0,0,0
s2_29.jpg,1,0,0,0,0,0
s2_75.jpg,0,0,0,0,0,0
i3_167.jpg,0,0,1,0,0,0
d_299.jpg,1,1,0,0,0,0
s2_327.jpg,1,0,0,0,0,0
s2_353.jpg,1,0,0,0,0,0
s5_14.jpg,0,0,0,0,0,0
s5_97.jpg,1,0,0,0,0,0
c_107.jpg,1,1,0,0,0,0
s1_109.jpg,1,0,0,0,0,0
s2_202.jpg,1,0,0,0,0,0
s5_330.jpg,0,0,0,0,0,0
s1_250.jpg,0,0,0,0,0,0
k4_172.jpg,1,0,0,0,0,0
k8_241.jpg,0,0,1,0,0,0
a_143.jpg,0,0,0,0,0,0
r2_21.jpg,0,0,0,0,0,1
iv_106.jpg,1,0,1,0,0,0
r2_36.jpg,0,0,0,0,0,1
r4_35.jpg,0,0,0,0,0,1
d_436.jpg,1,1,0,0,0,0
k5_38.jpg,1,0,0,0,0,0
s2_122.jpg,1,0,0,0,0,0
s2_304.jpg,0,0,0,0,0,0
s5_396.jpg,0,0,1,0,0,0
k4_220.jpg,1,0,1,0,0,0
k1_10.jpg,1,0,0,0,0,0
r2_37.jpg,0,0,0,0,0,1
s1_16.jpg,1,0,0,0,0,0
a_1013.jpg,1,1,0,0,0,0
b1_31.jpg,1,1,0,0,0,0
d_309.jpg,1,1,0,0,0,0
r3_218.jpg,0,0,0,0,0,1
s2_359.jpg,0,0,0,0,0,0
kb_37.jpg,1,0,0,0,0,0
k5_14.jpg,1,0,0,0,0,0
w1_212.jpg,0,0,1,1,0,0
b1_65.jpg,1,1,0,0,0,0
r4_114.jpg,0,0,0,0,0,1
r3_439.jpg,0,0,0,0,0,1
k5_43.jpg,1,0,0,0,0,0
a_327.jpg,1,1,0,0,0,0
a_161.jpg,1,0,0,0,0,0
a_168.jpg,1,1,0,0,0,0
s2_273.jpg,0,0,0,0,0,0
w2_221.jpg,1,1,1,0,0,0
s1_39.jpg,0,0,0,0,0,0
s1_8.jpg,1,0,0,0,0,1
s2_354.jpg,0,0,0,0,0,0
r2_15.jpg,0,0,0,0,0,1
e_18.jpg,1,0,0,1,0,0
e_95.jpg,1,0,0,1,0,0
b1_130.jpg,1,1,0,0,0,0
a_129.jpg,0,0,0,0,0,0
r4_64.jpg,0,0,0,0,0,1
r4_84.jpg,0,0,0,0,0,1
r3_88.jpg,0,0,0,0,0,1
a_101.jpg,1,1,0,0,0,0
s5_258.jpg,0,0,0,0,0,0
r3_100.jpg,0,0,0,0,0,1
a_146.jpg,0,0,0,0,0,0
g_193.jpg,1,0,0,0,0,0
s2_247.jpg,1,0,0,0,0,0
r3_171.jpg,0,0,0,0,0,1
s2_320.jpg,1,0,0,0,0,0
r3_454.jpg,0,0,0,0,0,1
r3_37.jpg,0,0,0,0,0,1
r3_77.jpg,1,0,0,0,0,1
r3_448.jpg,0,0,0,0,0,1
k3_88.jpg,1,0,0,0,0,0
r2_51.jpg,0,0,0,0,0,1
a_1080.jpg,1,0,0,0,0,0
s5_389.jpg,1,0,0,0,0,0
s2_153.jpg,1,0,0,0,0,0
s2_68.jpg,0,0,0,0,0,0
d_300.jpg,1,1,0,0,0,0
k8_249.jpg,0,0,1,0,0,0
s5_285.jpg,0,0,0,0,0,0
s5_367.jpg,0,0,0,0,0,0
a_397.jpg,1,1,0,0,0,0
a_430.jpg,1,0,0,0,0,0
s5_47.jpg,0,0,0,0,0,0
s1_21.jpg,0,0,0,0,0,0
e_26.jpg,1,0,0,0,0,0
s2_105.jpg,1,0,0,0,0,0
e_55.jpg,1,0,0,1,0,0
r3_204.jpg,0,0,0,0,0,1
k4_183.jpg,1,0,1,0,0,0
s1_223.jpg,1,0,0,0,0,0
s2_342.jpg,0,0,0,0,0,0
b1_158.jpg,1,1,0,0,0,0
b1_105.jpg,1,1,0,0,0,0
f_123.jpg,1,0,0,1,0,0
s2_317.jpg,1,0,0,0,0,0
r3_398.jpg,0,0,0,0,0,1
r3_120.jpg,0,0,0,0,0,1
a_175.jpg,1,1,0,0,0,0
a_1031.jpg,1,1,0,0,0,0
k7_532.jpg,0,0,1,0,0,0
a_1260.jpg,1,1,0,0,0,0
s5_326.jpg,0,0,0,0,0,0
s1_86.jpg,1,0,0,0,0,0
s5_309.jpg,0,0,0,0,0,0
r4_98.jpg,0,0,0,0,0,1
s5_143.jpg,0,0,0,0,0,0
a_1231.jpg,1,1,0,0,0,0
r3_79.jpg,1,0,0,0,0,1
a_104.jpg,1,1,0,0,0,0
b1_22.jpg,1,1,0,0,0,0
k3_84.jpg,1,0,0,0,0,0
s1_189.jpg,1,0,0,0,0,0
k2_47.jpg,1,0,0,0,0,0
s1_36.jpg,0,0,0,0,0,0
s2_24.jpg,0,0,0,0,0,0
b1_76.jpg,1,1,0,0,0,0
r3_67.jpg,1,0,0,0,0,1
s1_90.jpg,1,0,0,0,0,0
a_166.jpg,1,1,0,0,0,0
b1_19.jpg,1,1,0,0,0,0
a_409.jpg,1,1,0,0,0,0
d_434.jpg,1,1,0,0,0,0
r4_5.jpg,0,0,0,0,0,1
k3_110.jpg,1,0,0,0,0,0
b1_242.jpg,1,1,0,0,0,0
s2_285.jpg,0,0,0,0,0,0
k3_95.jpg,1,0,0,0,0,0
s2_238.jpg,0,0,0,0,0,0
i3_193.jpg,0,0,0,0,0,0
k5_32.jpg,1,0,0,0,0,0
z1_39.jpg,1,0,1,0,0,0
s2_244.jpg,1,0,0,0,0,0
s2_207.jpg,0,0,0,0,0,0
z2_20.jpg,0,0,0,0,1,0
s2_166.jpg,1,0,0,0,0,0
s5_419.jpg,0,0,1,0,0,0
s5_292.jpg,0,0,0,0,0,0
s5_67.jpg,0,0,0,0,0,0
c_77.jpg,1,1,0,0,0,0
g_175.jpg,1,0,0,0,0,0
e_43.jpg,1,0,0,1,0,0
s5_11.jpg,0,0,0,0,0,0
s5_13.jpg,0,0,0,0,0,0
a_318.jpg,1,1,0,0,0,0
s5_193.jpg,0,0,0,0,0,0
s2_204.jpg,0,0,0,0,0,0
a_1221.jpg,1,1,0,0,0,0
k4_195.jpg,1,0,1,0,0,0
s5_414.jpg,0,0,1,0,0,0
s2_161.jpg,0,0,0,0,0,0
d_313.jpg,1,1,0,0,0,0
a_133.jpg,0,0,0,0,0,0
g_57.jpg,1,0,0,0,0,0
r2_40.jpg,0,0,0,0,0,1
r4_42.jpg,0,0,0,0,0,1
w1_394.jpg,1,1,1,0,0,0
k1_60.jpg,1,0,0,0,0,0
z3_50.jpg,1,0,1,0,1,0
r3_421.jpg,0,0,0,0,0,1
s2_214.jpg,0,0,0,0,0,0
s5_411.jpg,0,0,1,0,0,0
s2_361.jpg,0,0,0,0,0,0
s5_253.jpg,0,0,0,0,0,0
s1_95.jpg,0,0,0,0,0,0
r3_265.jpg,0,0,0,0,0,1
d_427.jpg,1,1,0,0,0,0
s1_132.jpg,0,0,0,0,0,0
s5_272.jpg,0,0,0,0,0,0
a_426.jpg,1,0,0,0,0,0
z2_13.jpg,0,0,0,0,1,0
s2_162.jpg,0,0,0,0,0,0
r4_49.jpg,0,0,0,0,0,1
b1_272.jpg,1,1,0,0,0,0
s5_138.jpg,0,0,0,0,0,0
a_167.jpg,1,1,0,0,0,0
a_1180.jpg,1,1,0,0,0,0
s5_210.jpg,0,0,0,0,0,0
r4_0.jpg,0,0,0,0,0,1
b1_164.jpg,1,1,0,0,0,0
w1_361.jpg,1,1,0,0,0,0
r4_40.jpg,0,0,0,0,0,1
r4_74.jpg,0,0,0,0,0,1
s5_384.jpg,1,0,0,0,0,0
s2_180.jpg,1,0,0,0,0,0
s1_277.jpg,0,0,0,0,0,0
e_73.jpg,1,0,0,1,0,0
s2_15.jpg,1,0,0,0,0,0
s5_249.jpg,0,0,0,0,0,0
r3_269.jpg,0,0,0,0,0,1
a_375.jpg,1,1,0,0,0,0
s2_352.jpg,0,0,0,0,0,0
r3_154.jpg,0,0,0,0,0,1
r3_257.jpg,0,0,0,0,0,1
a_304.jpg,1,1,0,0,0,0
i3_173.jpg,0,0,0,0,0,0
z3_55.jpg,0,0,1,0,1,0
r3_460.jpg,0,0,0,0,0,1
b1_101.jpg,1,1,0,0,0,0
r3_409.jpg,0,0,0,0,0,1
s5_306.jpg,0,0,0,0,0,0
av_249.jpg,1,1,0,0,0,0
s1_44.jpg,0,0,0,0,0,0
s1_97.jpg,0,0,0,0,0,0
a_1256.jpg,1,1,0,0,0,0
a_1184.jpg,1,1,0,0,0,0
s5_98.jpg,1,0,0,0,0,0
r3_247.jpg,0,0,0,0,0,1
a_1263.jpg,1,1,0,0,0,0
k9_527.jpg,1,0,0,0,0,0
cv_590.jpg,1,1,0,0,0,0
b1_115.jpg,1,1,0,0,0,0
a_1138.jpg,1,1,0,0,0,0
k6_189.jpg,1,0,0,0,0,0
s5_207.jpg,0,0,0,0,0,0
w2_19.jpg,1,1,1,0,0,0
k1_21.jpg,1,0,0,0,0,0
a_302.jpg,1,1,0,0,0,0
s5_63.jpg,0,0,0,0,0,0
e_39.jpg,1,0,0,0,0,0
s5_9.jpg,0,0,0,0,0,0
s2_314.jpg,1,0,0,0,0,0
s2_37.jpg,1,0,0,0,0,0
s5_386.jpg,1,0,0,0,0,0
dv_1409.jpg,1,1,0,0,0,0
e_59.jpg,1,0,0,1,0,0
s1_144.jpg,1,0,0,0,0,0
a_1142.jpg,1,1,0,0,0,0
s1_177.jpg,1,0,0,0,0,0
s2_368.jpg,0,0,0,0,0,0
k1_37.jpg,1,0,0,0,0,0
i3_183.jpg,0,0,0,0,0,0
s5_477.jpg,0,0,0,0,0,0
a_1067.jpg,1,1,0,0,0,0
s5_84.jpg,0,0,0,0,0,0
r2_54.jpg,0,0,0,0,0,1
g_194.jpg,1,0,0,0,0,0
cv_338.jpg,1,1,0,1,0,0
a_1135.jpg,1,1,0,0,0,0
s2_54.jpg,0,0,0,0,0,0
s2_44.jpg,1,0,0,0,0,0
s2_135.jpg,0,0,0,0,0,0
z3_62.jpg,0,0,1,0,1,0
s2_392.jpg,0,0,0,0,0,0
cv_1503.jpg,1,1,0,1,0,0
a_305.jpg,1,1,0,0,0,0
b1_229.jpg,1,1,0,0,0,0
a_340.jpg,1,1,0,0,0,0
r4_62.jpg,0,0,0,0,0,1
r3_287.jpg,0,0,0,0,0,1
r2_24.jpg,0,0,0,0,0,1
s5_141.jpg,0,0,0,0,0,0
k5_11.jpg,1,0,0,0,0,0
i3_161.jpg,0,0,1,0,0,0
i3_152.jpg,0,0,1,0,1,0
s2_278.jpg,0,0,0,0,0,0
s1_151.jpg,1,0,0,0,0,0
c_146.jpg,1,1,0,0,0,0
s1_104.jpg,1,0,0,0,0,0
s5_20.jpg,0,0,0,0,0,0
s2_318.jpg,1,0,0,0,0,0
s1_33.jpg,1,0,0,0,0,0
b1_112.jpg,1,1,0,0,0,0
s1_229.jpg,1,0,0,0,0,0
a_396.jpg,1,1,0,0,0,0
b1_110.jpg,1,1,0,0,0,0
s2_275.jpg,1,0,0,0,0,0
f_116.jpg,1,0,0,1,0,0
a_434.jpg,1,0,0,0,0,0
s5_244.jpg,0,0,0,0,0,0
b1_54.jpg,1,1,0,0,0,0
b1_278.jpg,1,1,0,0,0,0
w1_439.jpg,1,1,1,0,0,0
b1_200.jpg,1,1,0,0,0,0
s5_80.jpg,0,0,0,0,0,0
a_440.jpg,1,0,0,0,0,0
s2_261.jpg,0,0,0,0,0,0
s5_336.jpg,0,0,0,0,0,0
r2_1.jpg,0,0,0,0,0,1
k5_30.jpg,1,0,0,0,0,0
k1_41.jpg,1,0,0,0,0,0
z1_41.jpg,1,0,1,0,0,0
c_100.jpg,1,1,0,0,0,0
a_385.jpg,1,1,0,0,0,0
a_1171.jpg,1,1,0,0,0,0
w1_100.jpg,1,1,0,0,0,0
r3_426.jpg,0,0,0,0,0,1
c_123.jpg,1,1,0,0,0,0
i3_138.jpg,0,0,0,0,1,0
s5_130.jpg,0,0,0,0,0,0
r2_90.jpg,0,0,0,0,0,1
r3_262.jpg,0,0,0,0,0,1
k4_167.jpg,1,0,0,0,0,0
w2_20.jpg,1,1,1,0,0,0
r3_275.jpg,0,0,0,0,0,1
b1_154.jpg,1,1,0,0,0,0
s2_181.jpg,1,0,0,0,0,0
k3_46.jpg,1,0,0,0,0,0
s5_2.jpg,0,0,0,0,0,0
s1_100.jpg,1,0,0,0,0,0
s5_295.jpg,0,0,0,0,0,0
a_187.jpg,1,1,0,0,0,0
s5_125.jpg,1,0,0,0,0,0
a_137.jpg,0,0,0,0,0,0
r3_165.jpg,0,0,0,0,0,1
z3_46.jpg,1,0,1,0,1,0
a_1176.jpg,1,1,0,0,0,0
r4_104.jpg,1,0,0,0,0,1
r3_158.jpg,0,0,0,0,0,1
a_1156.jpg,1,1,0,0,0,0
a_183.jpg,1,0,0,0,0,0
wv_42.jpg,1,1,0,0,0,0
s5_363.jpg,0,0,0,0,0,0
a_319.jpg,1,1,0,0,0,0
r3_428.jpg,0,0,0,0,0,1
a_381.jpg,1,1,0,0,0,0
c_80.jpg,1,1,0,0,0,0
s1_128.jpg,0,0,0,0,0,0
s2_146.jpg,1,0,0,0,0,0
b1_260.jpg,1,1,0,0,0,0
a_108.jpg,1,0,0,0,0,0
r2_18.jpg,0,0,0,0,0,1
s5_42.jpg,0,0,0,0,0,0
a_1060.jpg,1,1,0,0,0,0
g_41.jpg,1,0,0,0,0,0
w1_148.jpg,1,1,0,0,0,0
s5_442.jpg,0,0,1,0,0,0
a_1104.jpg,1,1,0,0,0,0
s5_237.jpg,0,0,0,0,0,0
r3_418.jpg,0,0,0,0,0,1
s1_232.jpg,0,0,0,0,0,0
s5_62.jpg,0,0,0,0,0,0
w1_434.jpg,1,1,1,0,0,0
s2_216.jpg,1,0,0,0,0,0
b1_12.jpg,1,1,0,0,0,0
s1_215.jpg,1,0,0,0,0,0
s1_67.jpg,0,0,0,0,0,0
c_92.jpg,1,1,0,0,0,0
s5_335.jpg,0,0,0,0,0,0
s1_271.jpg,0,0,0,0,0,0
w2_210.jpg,1,0,0,0,0,0
a_422.jpg,1,0,0,0,0,0
s1_158.jpg,1,0,0,0,0,0
w1_374.jpg,1,1,1,0,0,0
k6_193.jpg,1,0,0,0,0,0
z2_24.jpg,0,0,0,0,1,0
k3_79.jpg,1,0,0,0,0,0
d_343.jpg,1,1,0,0,0,0
f_114.jpg,1,0,0,1,0,0
s1_138.jpg,0,0,0,0,0,1
k4_158.jpg,1,0,0,0,0,0
r3_97.jpg,0,0,0,0,0,1
b1_108.jpg,1,1,0,0,0,0
b1_122.jpg,1,1,0,0,0,0
w1_362.jpg,1,1,0,0,0,0
k2_60.jpg,1,0,0,0,0,0
k4_178.jpg,1,0,0,0,0,0
a_1016.jpg,1,1,0,0,0,0
s2_316.jpg,1,0,0,0,0,0
s2_74.jpg,1,0,0,0,0,0
s5_385.jpg,1,0,0,0,0,0
r3_457.jpg,0,0,0,0,0,1
s2_13.jpg,1,0,0,0,0,0
d_281.jpg,1,1,0,0,0,0
a_1053.jpg,1,1,0,0,0,0
g_71.jpg,1,0,0,0,0,0
s1_221.jpg,0,0,0,0,0,0
r3_63.jpg,1,0,0,0,0,1
c_86.jpg,1,1,0,0,0,0
e_81.jpg,1,0,0,1,0,0
b1_227.jpg,1,1,0,0,0,0
a_1153.jpg,1,1,0,0,0,0
r2_34.jpg,0,0,0,0,0,1
b1_13.jpg,1,1,0,0,0,0
s2_72.jpg,1,0,0,0,0,0
w1_409.jpg,1,1,0,0,0,0
k4_204.jpg,0,0,1,0,0,0
b1_235.jpg,1,1,0,0,0,0
s5_392.jpg,0,0,1,0,0,0
e_0.jpg,1,0,0,1,0,0
k4_184.jpg,1,0,1,0,0,0
d_317.jpg,1,1,0,0,0,0
b1_226.jpg,1,1,0,0,0,0
r4_87.jpg,0,0,0,0,0,1
d_268.jpg,1,1,0,0,0,0
s2_10.jpg,1,0,0,0,0,0
s1_124.jpg,0,0,0,0,0,0
s5_7.jpg,0,0,0,0,0,0
k3_83.jpg,1,0,0,0,0,0
w1_426.jpg,0,0,1,1,0,0
w1_259.jpg,1,1,0,0,0,0
r3_277.jpg,0,0,0,0,0,1
z1_51.jpg,1,0,1,0,0,0
i3_182.jpg,0,0,0,0,0,0
s2_345.jpg,0,0,0,0,0,0
c_99.jpg,1,1,0,0,0,0
s1_222.jpg,1,0,0,0,0,0
r3_87.jpg,0,0,0,0,0,1
e_17.jpg,1,0,0,1,0,0
i2_156.jpg,0,0,1,0,1,0
s5_457.jpg,0,0,1,0,0,0
s5_425.jpg,0,0,1,0,0,0
d_439.jpg,1,1,0,0,0,0
b1_172.jpg,1,1,0,0,0,0
d_289.jpg,1,1,0,0,0,0
s2_40.jpg,0,0,0,0,0,0
e_31.jpg,1,0,0,1,0,0
a_1103.jpg,1,1,0,0,0,0
s1_117.jpg,1,0,0,0,0,0
f_125.jpg,1,0,0,1,0,0
s5_233.jpg,0,0,0,0,0,0
r2_7.jpg,0,0,0,0,0,1
b1_199.jpg,1,1,0,0,0,0
r3_65.jpg,1,0,0,0,0,1
b1_49.jpg,1,1,0,0,0,0
z3_48.jpg,1,0,1,0,1,0
r3_223.jpg,0,0,0,0,0,1
s5_216.jpg,0,0,0,0,0,0
g_52.jpg,1,0,0,0,0,0
s5_318.jpg,0,0,0,0,0,0
r3_245.jpg,0,0,0,0,0,1
a_1114.jpg,1,1,0,0,0,0
r4_51.jpg,0,0,0,0,0,1
r4_8.jpg,0,0,0,0,0,1
f_97.jpg,1,0,0,1,0,0
s1_159.jpg,0,0,0,0,0,0
a_384.jpg,1,1,0,0,0,0
wv_165.jpg,1,1,0,0,0,0
w2_109.jpg,1,1,1,1,0,0
r3_164.jpg,0,0,0,0,0,1
s5_474.jpg,0,0,1,0,0,0
r3_281.jpg,0,0,0,0,0,1
k5_39.jpg,1,0,0,0,0,0
s5_209.jpg,0,0,0,0,0,0
s5_445.jpg,0,0,1,0,0,0
s5_401.jpg,0,0,1,0,0,0
r3_69.jpg,1,0,0,0,0,1
r3_268.jpg,0,0,0,0,0,1
r4_29.jpg,0,0,0,0,0,1
r3_169.jpg,0,0,0,0,0,1
w2_43.jpg,1,1,0,1,0,0
a_1175.jpg,1,1,0,0,0,0
i3_150.jpg,0,0,1,0,1,0
w1_114.jpg,1,1,0,0,0,0
r3_393.jpg,0,0,0,0,0,1
k1_1.jpg,1,0,0,0,0,0
i1_12.jpg,1,0,1,0,0,0
s2_25.jpg,0,0,0,0,0,0
b1_24.jpg,1,1,0,0,0,0
a_179.jpg,1,1,0,0,0,0
k3_62.jpg,1,0,0,0,0,0
w1_13.jpg,1,1,0,0,0,0
r3_278.jpg,0,0,0,0,0,1
z2_19.jpg,0,0,0,0,1,0
k6_201.jpg,1,0,0,0,0,0
b1_211.jpg,1,1,0,0,0,0
k9_543.jpg,1,0,0,0,0,0
s5_121.jpg,0,0,0,0,0,0
w1_491.jpg,0,0,1,0,1,0
k2_40.jpg,1,0,0,0,0,0
s5_157.jpg,0,0,0,0,0,0
z2_10.jpg,0,0,0,0,1,0
w1_450.jpg,1,1,1,0,0,0
z1_45.jpg,1,0,1,0,0,0
s2_47.jpg,0,0,0,0,0,0
w1_438.jpg,1,1,1,0,0,0
d_363.jpg,1,1,0,0,0,0
k3_61.jpg,1,0,0,0,0,0
w1_261.jpg,1,1,0,0,0,0
r3_238.jpg,0,0,0,0,0,1
a_186.jpg,1,0,0,0,0,0
s1_233.jpg,1,0,0,0,0,0
s2_258.jpg,1,0,0,0,0,0
s5_255.jpg,0,0,0,0,0,0
c_81.jpg,1,1,0,0,0,0
s1_106.jpg,1,0,0,0,0,0
a_411.jpg,1,1,0,0,0,0
s2_167.jpg,0,0,0,0,0,0
k7_540.jpg,0,0,1,0,0,0
a_1066.jpg,1,1,0,0,0,0
s5_38.jpg,0,0,0,0,0,0
z1_52.jpg,1,0,1,0,0,0
k8_245.jpg,0,0,1,0,0,0
s5_10.jpg,0,0,0,0,0,0
k3_69.jpg,1,0,0,0,0,0
s5_458.jpg,0,0,1,0,0,0
s2_81.jpg,0,0,0,0,0,0
r3_125.jpg,0,0,0,0,0,1
i3_181.jpg,0,0,0,0,0,0
a_1059.jpg,1,1,0,0,0,0
s5_439.jpg,0,0,1,0,0,0
r3_244.jpg,0,0,0,0,0,1
kb_34.jpg,1,0,0,0,0,0
k5_24.jpg,1,0,0,0,0,0
r4_69.jpg,0,0,0,0,0,1
r3_417.jpg,0,0,0,0,0,1
a_1195.jpg,1,1,0,0,0,0
k2_45.jpg,1,0,0,0,0,0
r3_459.jpg,0,0,0,0,0,1
s1_240.jpg,0,0,0,0,0,0
r3_453.jpg,0,0,0,0,0,1
k5_35.jpg,1,0,0,0,0,0
i3_163.jpg,0,0,1,0,0,0
s1_48.jpg,0,0,0,0,0,0
s2_292.jpg,0,0,0,0,0,0
i3_165.jpg,0,0,1,0,0,0
s5_27.jpg,0,0,0,0,0,0
s5_393.jpg,0,0,1,0,0,0
r2_81.jpg,0,0,0,0,0,1
s5_460.jpg,0,0,1,0,0,0
s1_22.jpg,0,0,0,0,0,0
s2_27.jpg,0,0,0,0,0,0
b1_23.jpg,1,1,0,0,0,0
r2_42.jpg,0,0,0,0,0,1
a_1257.jpg,1,1,0,0,0,0
r3_240.jpg,0,0,0,0,0,1
r3_273.jpg,0,0,0,0,0,1
a_1074.jpg,1,0,0,0,0,0
s2_219.jpg,1,0,0,0,0,0
s1_1.jpg,0,0,0,0,0,0
w2_231.jpg,1,1,0,1,0,0
z3_69.jpg,0,0,0,0,1,0
b1_213.jpg,1,1,0,0,0,0
s1_61.jpg,0,0,0,0,0,0
s5_362.jpg,0,0,0,0,0,0
s1_115.jpg,1,0,0,0,0,0
r3_157.jpg,0,0,0,0,0,1
r3_175.jpg,0,0,0,0,0,1
b1_273.jpg,1,1,0,0,0,0
s1_168.jpg,0,0,0,0,0,0
k5_19.jpg,1,0,0,0,0,0
s1_201.jpg,0,0,0,0,0,0
w1_422.jpg,1,1,1,1,0,0
s5_85.jpg,0,0,0,0,0,0
s1_101.jpg,1,0,0,0,0,0
b1_233.jpg,1,1,0,0,0,0
s2_80.jpg,1,0,0,0,0,0
r4_11.jpg,0,0,0,0,0,1
c_122.jpg,1,1,0,0,0,0
a_138.jpg,0,0,0,0,0,0
s5_217.jpg,0,0,0,0,0,0
c_144.jpg,1,1,0,0,0,0
s1_214.jpg,0,0,0,0,0,0
a_1106.jpg,1,1,0,0,0,0
k5_36.jpg,1,0,0,0,0,0
g_34.jpg,1,0,0,0,0,0
s1_265.jpg,0,0,0,0,0,0
s1_274.jpg,0,0,0,0,0,0
s1_269.jpg,0,0,0,0,0,0
s5_87.jpg,0,0,0,0,0,0
s2_145.jpg,1,0,0,0,0,0
r3_208.jpg,0,0,0,0,0,1
s5_265.jpg,0,0,0,0,0,0
s1_84.jpg,1,0,0,0,0,0
s2_287.jpg,0,0,0,0,0,0
a_310.jpg,1,1,0,0,0,0
s2_335.jpg,0,0,0,0,0,0
s1_91.jpg,0,0,0,0,0,0
f_109.jpg,1,0,0,1,0,0
b1_196.jpg,1,1,0,0,0,0
z2_39.jpg,0,0,0,0,1,0
r4_110.jpg,0,0,0,0,0,1
c_124.jpg,1,1,0,0,0,0
a_425.jpg,1,0,0,0,0,0
s1_26.jpg,0,0,0,0,0,0
c_73.jpg,1,1,0,0,0,0
c_149.jpg,1,1,0,0,0,0
b1_32.jpg,1,1,0,0,0,0
s2_384.jpg,0,0,0,0,0,0
s2_257.jpg,1,0,0,0,0,0
a_1099.jpg,1,1,0,0,0,0
s5_438.jpg,0,0,1,0,0,0
k4_196.jpg,1,0,1,0,0,0
a_382.jpg,1,1,0,0,0,0
a_410.jpg,1,1,0,0,0,0
w1_129.jpg,1,1,0,0,0,0
e_22.jpg,1,0,0,0,0,0
k3_65.jpg,1,0,0,0,0,0
wv_92.jpg,1,1,0,0,0,0
r3_98.jpg,0,0,0,0,0,1
r3_458.jpg,0,0,0,0,0,1
e_33.jpg,1,0,0,0,0,0
e_66.jpg,1,0,0,1,0,0
r3_92.jpg,0,0,0,0,0,1
b1_113.jpg,1,1,0,0,0,0
s1_19.jpg,1,0,0,0,0,0
k5_9.jpg,1,0,0,0,0,0
k1_57.jpg,1,0,0,0,0,0
a_435.jpg,1,0,0,0,0,0
r4_63.jpg,0,0,0,0,0,1
b1_224.jpg,1,1,0,0,0,0
w2_171.jpg,1,1,1,0,0,0
s5_79.jpg,0,0,0,0,0,0
r4_88.jpg,0,0,0,0,0,1
a_402.jpg,1,1,0,0,0,0
s2_96.jpg,1,0,0,0,0,0
r3_379.jpg,0,0,0,0,0,1
r2_46.jpg,0,0,0,0,0,1
a_406.jpg,1,1,0,0,0,0
r3_66.jpg,1,0,0,0,0,1
j2_44.jpg,0,0,1,0,0,0
d_291.jpg,1,1,0,0,0,0
a_1210.jpg,1,1,0,0,0,0
k3_98.jpg,1,0,0,0,0,0
a_1248.jpg,1,1,0,0,0,0
k4_219.jpg,1,0,1,0,0,0
k6_191.jpg,1,0,0,0,0,0
r4_80.jpg,0,0,0,0,0,1
r3_210.jpg,0,0,0,0,0,1
b1_44.jpg,1,1,0,0,0,0
z2_29.jpg,0,0,0,0,1,0
j2_243.jpg,0,0,1,1,1,0
g_55.jpg,1,0,0,0,0,0
s5_176.jpg,1,0,0,0,0,0
s5_382.jpg,1,0,0,0,0,0
b1_98.jpg,1,1,0,0,0,0
r2_95.jpg,0,0,0,0,0,1
s1_228.jpg,1,0,0,0,0,0
b1_93.jpg,1,1,0,0,0,0
s5_222.jpg,0,0,0,0,0,0
r3_403.jpg,0,0,0,0,0,1
d_330.jpg,1,1,0,0,0,0
s2_387.jpg,0,0,0,0,0,0
e_70.jpg,1,0,0,1,0,0
a_1131.jpg,1,1,0,0,0,0
a_1172.jpg,1,1,0,0,0,0
a_421.jpg,1,0,0,0,0,0
s1_167.jpg,1,0,0,0,0,0
b1_27.jpg,1,1,0,0,0,0
a_126.jpg,0,0,0,0,0,0
w1_433.jpg,1,1,1,1,0,0
s2_77.jpg,0,0,0,0,0,0
s1_103.jpg,1,0,0,0,0,0
k7_535.jpg,0,0,1,0,0,0
e_56.jpg,1,0,0,1,0,0
i3_143.jpg,0,0,0,0,1,0
a_390.jpg,1,1,0,0,0,0
k4_199.jpg,0,0,1,0,0,0
e_13.jpg,1,0,0,1,0,0
s5_182.jpg,0,0,0,0,0,0
b1_217.jpg,1,1,0,0,0,0
e_25.jpg,1,0,0,0,0,0
w1_189.jpg,1,1,0,0,0,0
a_1070.jpg,1,1,0,0,0,0
d_433.jpg,1,1,0,0,0,0
r3_24.jpg,0,0,0,0,0,1
w1_171.jpg,1,1,0,0,0,0
r3_410.jpg,0,0,0,0,0,1
r3_450.jpg,0,0,0,0,0,1
b1_253.jpg,1,1,0,0,0,0
b1_234.jpg,1,1,0,0,0,0
j1_157.jpg,0,0,0,0,1,0
d_423.jpg,1,1,0,0,0,0
s5_452.jpg,0,0,1,0,0,0
r3_60.jpg,1,0,0,0,0,1
w1_459.jpg,1,1,0,0,0,0
b1_82.jpg,1,1,0,0,0,0
b1_14.jpg,1,1,0,0,0,0
b1_259.jpg,1,1,0,0,0,0
s1_96.jpg,0,0,0,0,0,0
s5_149.jpg,1,0,0,0,0,0
k3_68.jpg,1,0,0,0,0,0
w2_196.jpg,1,0,0,0,0,0
d_279.jpg,1,1,0,0,0,0
s2_405.jpg,1,0,0,0,0,0
s1_231.jpg,1,0,0,0,0,0
s1_63.jpg,0,0,0,0,0,0
s1_68.jpg,0,0,0,0,0,0
f_96.jpg,1,0,0,1,0,0
s5_353.jpg,0,0,0,0,0,0
s2_154.jpg,1,0,0,0,0,0
r3_86.jpg,0,0,0,0,0,1
b1_28.jpg,1,1,0,0,0,0
b1_267.jpg,1,1,0,0,0,0
e_21.jpg,1,0,0,1,0,0
s1_25.jpg,0,0,0,0,0,0
g_161.jpg,1,0,0,0,0,0
s1_173.jpg,1,0,0,0,0,0
i3_162.jpg,0,0,1,0,0,0
a_325.jpg,1,1,0,0,0,0
s5_215.jpg,0,0,0,0,0,0
s5_135.jpg,0,0,0,0,0,0
a_162.jpg,1,0,0,0,0,0
r3_74.jpg,1,0,0,0,0,1
i1_7.jpg,1,0,1,0,0,0
r4_44.jpg,0,0,0,0,0,1
a_105.jpg,1,1,0,0,0,0
e_51.jpg,1,0,0,1,0,0
s1_49.jpg,0,0,0,0,0,0
k1_40.jpg,1,0,0,0,0,0
b1_96.jpg,1,1,0,0,0,0
s1_279.jpg,1,0,0,0,0,0
r3_437.jpg,0,0,0,0,0,1
z1_48.jpg,1,0,1,0,0,0
s5_327.jpg,0,0,0,0,0,0
r3_180.jpg,0,0,0,0,0,1
r3_122.jpg,0,0,0,0,0,1
w1_211.jpg,0,0,1,1,0,0
r3_246.jpg,0,0,0,0,0,1
s2_215.jpg,0,0,0,0,0,0
g_38.jpg,1,0,0,1,0,0
s5_450.jpg,0,0,1,0,0,0
e_40.jpg,1,0,0,0,0,0
z2_3.jpg,0,0,0,0,1,0
r4_115.jpg,0,0,0,0,0,1
kb_32.jpg,1,0,0,0,0,0
s2_376.jpg,1,0,0,0,0,0
w2_191.jpg,1,1,0,0,0,0
s5_421.jpg,0,0,1,0,0,0
s5_232.jpg,0,0,0,0,0,0
w1_296.jpg,1,1,0,0,0,0
s1_129.jpg,0,0,0,0,0,0
g_50.jpg,1,0,0,0,0,0
c_83.jpg,1,1,0,0,0,0
d_432.jpg,1,1,0,0,0,0
g_69.jpg,1,0,0,0,0,0
i1_6.jpg,1,0,1,0,0,0
s1_275.jpg,0,0,0,0,0,0
r3_270.jpg,0,0,0,0,0,1
k4_166.jpg,1,0,0,0,0,0
d_336.jpg,1,1,0,0,0,0
k4_164.jpg,1,0,0,0,0,0
s5_443.jpg,0,0,1,0,0,0
k4_177.jpg,1,0,0,0,0,0
s5_105.jpg,0,0,0,0,0,0
a_1119.jpg,1,1,0,0,0,0
r3_75.jpg,1,0,0,0,0,1
r4_4.jpg,0,0,0,0,0,1
a_131.jpg,0,0,0,0,0,0
w1_492.jpg,0,0,1,0,1,0
r3_163.jpg,0,0,0,0,0,1
d_304.jpg,1,1,0,0,0,0
r3_405.jpg,0,0,0,0,0,1
g_177.jpg,1,0,0,0,0,0
b1_271.jpg,1,1,0,0,0,0
r3_202.jpg,0,0,0,0,0,1
z3_57.jpg,0,0,1,0,1,0
s2_217.jpg,1,0,0,0,0,0
w1_431.jpg,1,1,1,1,0,0
s2_193.jpg,1,0,0,0,0,0
s5_431.jpg,0,0,1,0,0,0
d_284.jpg,1,1,0,0,0,0
b1_138.jpg,1,1,0,0,0,0
d_420.jpg,1,1,0,0,0,0
a_1018.jpg,1,1,0,0,0,0
k6_232.jpg,1,0,0,0,0,0
b1_169.jpg,1,1,0,0,0,0
e_75.jpg,1,0,0,1,0,0
b1_91.jpg,1,1,0,0,0,0
a_1041.jpg,1,1,0,0,0,0
k1_18.jpg,1,0,0,0,0,0
s2_229.jpg,1,0,0,0,0,0
r4_108.jpg,1,0,0,0,0,1
a_387.jpg,1,1,0,0,0,0
r2_78.jpg,0,0,0,0,0,1
a_120.jpg,1,0,0,0,0,0
s2_259.jpg,0,0,0,0,0,0
s2_188.jpg,1,0,0,0,0,0
w1_303.jpg,1,1,0,0,0,0
s5_200.jpg,0,0,0,0,0,0
a_1029.jpg,1,1,0,0,0,0
i1_16.jpg,1,0,1,0,0,0
iv_120.jpg,0,0,1,0,0,0
i3_147.jpg,0,0,0,0,1,0
r3_294.jpg,0,0,0,0,0,1
a_153.jpg,0,0,0,0,0,0
g_197.jpg,1,0,0,0,0,0
kb_33.jpg,1,0,0,0,0,0
d_441.jpg,1,1,0,0,0,0
s1_278.jpg,0,0,0,0,0,0
s5_45.jpg,0,0,0,0,0,0
a_443.jpg,1,0,0,0,0,0
d_347.jpg,1,1,0,0,0,0
s5_418.jpg,0,0,1,0,0,0
s2_111.jpg,1,0,0,0,0,0
k4_203.jpg,0,0,1,0,0,0
r2_23.jpg,0,0,0,0,0,1
g_66.jpg,1,0,0,0,0,0
a_1046.jpg,1,1,0,0,0,0
r3_435.jpg,0,0,0,0,0,1
a_1088.jpg,1,1,0,0,0,0
a_1196.jpg,1,1,0,0,0,0
s1_164.jpg,0,0,0,0,0,0
k4_215.jpg,1,0,1,0,0,0
s2_173.jpg,1,0,0,0,0,0
w1_343.jpg,1,1,0,0,0,0
d_295.jpg,1,1,0,0,0,0
a_424.jpg,1,0,0,0,0,0
g_146.jpg,1,0,0,0,0,0
s5_123.jpg,1,0,0,0,0,0
r2_48.jpg,0,0,0,0,0,1
a_1045.jpg,1,1,0,0,0,0
z2_6.jpg,0,0,0,0,1,0
a_363.jpg,1,1,0,0,0,0
b1_92.jpg,1,1,0,0,0,0
r4_68.jpg,0,0,0,0,0,1
s5_41.jpg,0,0,0,0,0,0
d_418.jpg,1,1,0,0,0,0
w1_475.jpg,1,1,1,0,0,0
r4_94.jpg,0,0,0,0,0,1
z3_66.jpg,0,0,0,0,1,0
s2_98.jpg,1,0,0,0,0,0
s5_228.jpg,0,0,0,0,0,0
a_178.jpg,1,1,0,0,0,0
e_38.jpg,1,0,0,0,0,0
f_98.jpg,1,0,0,1,0,0
a_343.jpg,1,1,0,0,0,0
i1_1.jpg,1,0,1,0,0,0
b1_285.jpg,1,1,0,0,0,0
k3_81.jpg,1,0,0,0,0,0
c_75.jpg,1,1,0,0,0,0
r3_179.jpg,0,0,0,0,0,1
s1_247.jpg,0,0,0,0,0,0
s2_176.jpg,0,0,0,0,0,0
g_81.jpg,1,0,0,0,0,0
s1_0.jpg,0,0,0,0,0,0
s2_371.jpg,1,0,0,0,0,0
s5_348.jpg,0,0,0,0,0,0
d_451.jpg,1,1,0,0,0,0
b1_166.jpg,1,1,0,0,0,0
r3_429.jpg,0,0,0,0,0,1
s2_129.jpg,0,0,0,0,0,0
s1_80.jpg,0,0,0,0,0,0
w2_212.jpg,1,0,0,0,0,0
r3_384.jpg,0,0,0,0,0,1
r3_82.jpg,0,0,0,0,0,1
e_88.jpg,1,0,0,1,0,0
b1_180.jpg,1,1,0,0,0,0
e_87.jpg,1,0,0,1,0,0
s5_159.jpg,0,0,0,0,0,0
r4_70.jpg,0,0,0,0,0,1
e_10.jpg,1,0,0,1,0,0
a_109.jpg,1,0,0,0,0,0
w1_275.jpg,1,1,0,0,0,0
s2_351.jpg,0,0,0,0,0,0
s5_468.jpg,0,0,1,0,0,0
w2_215.jpg,1,0,0,0,0,0
s5_213.jpg,0,0,0,0,0,0
b1_135.jpg,1,1,0,0,0,0
s1_56.jpg,0,0,0,0,0,0
e_34.jpg,1,0,0,1,0,0
j2_43.jpg,0,1,1,0,0,0
a_1125.jpg,1,1,0,0,0,0
a_1154.jpg,1,1,0,0,0,0
j2_241.jpg,0,0,1,1,1,0
s1_148.jpg,1,0,0,0,0,0
a_383.jpg,1,1,0,0,0,0
r3_186.jpg,0,0,0,0,0,1
g_68.jpg,1,0,0,0,0,0
s2_87.jpg,0,0,0,0,0,0
b1_97.jpg,1,1,0,0,0,0
a_1089.jpg,1,1,0,0,0,0
b1_9.jpg,1,1,0,0,0,0
i3_141.jpg,0,0,0,0,1,0
a_158.jpg,0,0,0,0,0,0
d_450.jpg,1,1,0,0,0,0
r3_118.jpg,0,0,0,0,0,1
a_1079.jpg,1,0,0,0,0,0
s1_32.jpg,0,0,0,0,0,0
r3_159.jpg,0,0,0,0,0,1
b1_263.jpg,1,1,0,0,0,0
r3_104.jpg,0,0,0,0,0,1
k5_17.jpg,1,0,0,0,0,0
z1_40.jpg,1,0,1,0,0,0
r3_209.jpg,0,0,0,0,0,1
s2_168.jpg,1,0,0,0,0,0
c_85.jpg,1,1,0,0,0,0
r4_120.jpg,1,0,0,0,0,1
s5_270.jpg,1,0,0,0,0,0
r3_248.jpg,0,0,0,0,0,1
a_1239.jpg,1,1,0,0,0,0
s5_366.jpg,0,0,0,0,0,0
e_96.jpg,1,0,0,1,0,0
b1_53.jpg,1,1,0,0,0,0
s5_15.jpg,0,0,0,0,0,0
k7_536.jpg,0,0,1,0,0,0
s1_85.jpg,1,0,0,0,0,0
s2_212.jpg,0,0,0,0,0,0
r3_109.jpg,0,0,0,0,0,1
z2_12.jpg,0,0,0,0,1,0
a_353.jpg,1,1,0,0,0,0
w1_485.jpg,0,0,1,0,0,0
s5_473.jpg,0,0,1,0,0,0
s1_154.jpg,1,0,0,0,0,0
a_1107.jpg,1,1,0,0,0,0
s1_45.jpg,0,0,0,0,0,0
d_282.jpg,1,1,0,0,0,0
k5_60.jpg,1,0,0,0,0,0
i3_171.jpg,0,0,0,0,0,0
g_159.jpg,1,0,0,0,0,0
k5_67.jpg,1,0,0,0,0,0
r2_13.jpg,0,0,0,0,0,1
a_136.jpg,0,0,0,0,0,0
a_134.jpg,0,0,0,0,0,0
s1_110.jpg,1,0,0,0,0,0
d_305.jpg,1,1,0,0,0,0
r3_89.jpg,0,0,0,0,0,1
s5_289.jpg,0,0,0,0,0,0
d_271.jpg,1,1,0,0,0,0
s2_194.jpg,1,0,0,0,0,0
b1_152.jpg,1,1,0,0,0,0
b1_155.jpg,1,1,0,0,0,0
s2_71.jpg,1,0,0,0,0,0
s5_6.jpg,0,0,0,0,0,0
d_429.jpg,1,1,0,0,0,0
s2_356.jpg,0,0,0,0,0,0
r3_185.jpg,0,0,0,0,0,1
b1_239.jpg,1,1,0,0,0,0
g_180.jpg,1,0,0,0,0,0
k3_82.jpg,1,0,0,0,0,0
d_366.jpg,1,1,0,0,0,0
s2_218.jpg,1,0,0,0,0,0
r4_28.jpg,0,0,0,0,0,1
s5_434.jpg,0,0,1,0,0,0
a_1167.jpg,1,1,0,0,0,0
k4_175.jpg,1,0,0,0,0,0
z1_50.jpg,1,0,1,0,0,0
a_437.jpg,1,0,0,0,0,0
a_316.jpg,1,1,0,0,0,0
s2_369.jpg,0,0,0,0,0,0
a_315.jpg,1,1,0,0,0,0
a_1043.jpg,1,1,0,0,0,0
r3_284.jpg,0,0,0,0,0,1
s5_358.jpg,0,0,0,0,0,0
k1_36.jpg,1,0,0,0,0,0
s1_239.jpg,0,0,0,0,0,0
s1_87.jpg,0,0,0,0,0,0
s5_144.jpg,0,0,0,0,0,0
a_1134.jpg,1,1,0,0,0,0
d_354.jpg,1,1,0,0,0,0
a_164.jpg,1,1,0,0,0,0
s1_137.jpg,0,0,0,0,0,0
s2_355.jpg,0,0,0,0,0,0
s1_99.jpg,0,0,0,0,0,0
b1_146.jpg,1,1,0,0,0,0
c_141.jpg,1,1,0,0,0,0
b1_173.jpg,1,1,0,0,0,0
a_1220.jpg,1,1,0,0,0,0
e_29.jpg,1,0,0,1,0,0
a_1159.jpg,1,1,0,0,0,0
b1_20.jpg,1,1,0,0,0,0
f_126.jpg,1,0,0,1,0,0
a_1033.jpg,1,1,0,0,0,0
k8_240.jpg,0,0,1,0,0,0
r3_396.jpg,0,0,0,0,0,1
r4_86.jpg,0,0,0,0,0,1
s2_83.jpg,0,0,0,0,0,0
s2_223.jpg,0,0,0,0,0,0
s2_224.jpg,0,0,0,0,0,0
s2_402.jpg,1,0,0,0,0,0
a_446.jpg,1,0,0,0,0,0
b1_80.jpg,1,1,0,0,0,0
g_191.jpg,1,0,0,0,0,0
s2_69.jpg,1,0,0,0,0,0
s2_263.jpg,1,0,0,0,0,0
r2_0.jpg,0,0,0,0,0,1
kb_36.jpg,1,0,0,0,0,0
s2_271.jpg,0,0,0,0,0,0
g_70.jpg,1,0,0,0,0,0
a_438.jpg,1,0,0,0,0,0
a_1081.jpg,1,0,0,0,0,0
s5_155.jpg,0,0,0,0,0,0
b1_11.jpg,1,1,0,0,0,0
r4_103.jpg,1,0,0,0,0,1
s1_149.jpg,1,0,0,0,0,0
j1_151.jpg,0,0,1,0,1,0
s5_221.jpg,0,0,0,0,0,0
s2_142.jpg,1,0,0,0,0,0
s2_319.jpg,1,0,0,0,0,0
r2_9.jpg,0,0,0,0,0,1
s2_179.jpg,1,0,0,0,0,0
i3_168.jpg,0,0,1,0,0,0
a_165.jpg,1,1,0,0,0,0
s2_357.jpg,0,0,0,0,0,0
b1_181.jpg,1,1,0,0,0,0
d_275.jpg,1,1,0,0,0,0
r3_425.jpg,0,0,0,0,0,1
w2_112.jpg,1,1,1,0,0,0
s1_176.jpg,1,0,0,0,0,0
s5_391.jpg,0,0,1,0,0,0
e_6.jpg,1,0,0,1,0,0
e_61.jpg,1,0,0,1,0,0
w2_189.jpg,1,1,0,0,0,0
r3_360.jpg,0,0,0,0,0,1
a_1152.jpg,1,1,0,0,0,0
s2_220.jpg,1,0,0,0,0,0
s1_127.jpg,0,0,0,0,0,0
k7_530.jpg,0,0,1,0,0,0
a_307.jpg,1,1,0,0,0,0
g_77.jpg,1,0,0,0,0,0
r3_449.jpg,0,0,0,0,0,1
f_99.jpg,1,0,0,1,0,0
r4_105.jpg,1,0,0,0,0,1
b1_284.jpg,1,1,0,0,0,0
w1_101.jpg,1,1,0,0,0,0
k6_190.jpg,1,0,0,0,0,0
z3_52.jpg,0,0,1,0,1,0
a_1192.jpg,1,1,0,0,0,0
r3_26.jpg,0,0,0,0,0,1
s5_247.jpg,0,0,0,0,0,0
c_78.jpg,1,1,0,0,0,0
b1_117.jpg,1,1,0,0,0,0
e_9.jpg,1,0,0,1,0,0
k7_538.jpg,0,0,1,0,0,0
e_24.jpg,1,0,0,1,0,0
s2_158.jpg,0,0,0,0,0,0
c_117.jpg,1,1,0,0,0,0
r3_255.jpg,0,0,0,0,0,1
r3_81.jpg,0,0,0,0,0,1
s5_18.jpg,0,0,0,0,0,0
s5_34.jpg,0,0,0,0,0,0
r3_28.jpg,0,0,0,0,0,1
c_106.jpg,1,1,0,0,0,0
s5_225.jpg,0,0,0,0,0,0
s5_44.jpg,0,0,1,0,0,0
r2_87.jpg,0,0,0,0,0,1
w2_175.jpg,1,1,1,0,0,0
s5_61.jpg,0,0,0,0,0,0
r3_296.jpg,0,0,0,0,0,1
a_1173.jpg,1,1,0,0,0,0
r3_365.jpg,0,0,0,0,0,1
i1_10.jpg,1,0,1,0,0,0
w2_199.jpg,1,0,0,0,0,0
c_89.jpg,1,1,0,0,0,0
s2_370.jpg,0,0,0,0,0,0
a_388.jpg,1,1,0,0,0,0
a_321.jpg,1,1,0,0,0,0
r3_420.jpg,0,0,0,0,0,1
s2_409.jpg,1,0,0,0,0,0
s2_226.jpg,1,0,0,0,0,0
b1_294.jpg,1,1,0,0,0,0
s2_34.jpg,1,0,0,0,0,0
r3_203.jpg,0,0,0,0,0,1
s1_241.jpg,1,0,0,0,0,0
k1_0.jpg,1,0,0,0,0,0
s2_148.jpg,1,0,0,0,0,0
s1_123.jpg,0,0,0,0,0,0
b1_165.jpg,1,1,0,0,0,0
i1_8.jpg,1,0,1,0,0,0
a_111.jpg,1,0,0,0,0,0
k1_22.jpg,1,0,0,0,0,0
b1_114.jpg,1,1,0,0,0,0
b1_188.jpg,1,1,0,0,0,0
b1_269.jpg,1,1,0,0,0,0
b1_34.jpg,1,1,0,0,0,0
r2_62.jpg,0,0,0,0,0,1
s2_156.jpg,0,0,0,0,0,0
s1_107.jpg,1,0,0,0,0,0
s1_243.jpg,1,0,0,0,0,0
s2_328.jpg,1,0,0,0,0,0
b1_126.jpg,1,1,0,0,0,0
s1_11.jpg,1,0,0,0,0,1
w1_429.jpg,0,0,1,1,0,0
b1_94.jpg,1,1,0,0,0,0
s1_197.jpg,0,0,0,0,0,0
s2_164.jpg,1,0,0,0,0,0
r3_206.jpg,0,0,0,0,0,1
r3_76.jpg,1,0,0,0,0,1
r3_266.jpg,0,0,0,0,0,1
s5_281.jpg,1,0,0,0,0,0
c_101.jpg,1,1,0,0,0,0
s1_131.jpg,0,0,0,0,0,0
a_349.jpg,1,1,0,0,0,0
r3_191.jpg,0,0,0,0,0,1
g_160.jpg,1,0,0,0,0,0
j2_38.jpg,0,1,1,0,0,0
s5_324.jpg,0,0,0,0,0,0
r3_442.jpg,0,0,0,0,0,1
z3_49.jpg,1,0,1,0,1,0
a_124.jpg,0,0,0,0,0,0
s5_0.jpg,0,0,0,0,0,0
a_1136.jpg,1,1,0,0,0,0
k7_534.jpg,0,0,1,0,0,0
e_92.jpg,1,0,0,1,0,0
s1_182.jpg,1,0,0,0,0,0
b1_104.jpg,1,1,0,0,0,0
s2_313.jpg,0,0,0,0,0,0
k9_531.jpg,1,0,0,0,0,0
a_372.jpg,1,1,0,0,0,0
r3_22.jpg,0,0,0,0,0,1
a_1216.jpg,1,1,0,0,0,0
d_326.jpg,1,1,0,0,0,0
k8_246.jpg,0,0,1,0,0,0
s5_360.jpg,0,0,0,0,0,0
s2_52.jpg,0,0,0,0,0,0
s5_400.jpg,0,0,1,0,0,0
e_78.jpg,1,0,0,0,0,0
a_1086.jpg,1,1,0,0,0,0
k3_60.jpg,1,0,0,0,0,0
k4_189.jpg,1,0,1,0,0,0
z2_8.jpg,0,0,0,0,1,0
i3_153.jpg,0,0,1,0,1,0
r3_427.jpg,0,0,0,0,0,1
r4_119.jpg,1,0,0,0,0,1
j1_163.jpg,0,0,0,0,1,0
s2_113.jpg,1,0,0,0,0,0
i3_185.jpg,0,0,0,0,0,0
s5_451.jpg,0,0,1,0,0,0
k5_13.jpg,1,0,0,0,0,0
z1_38.jpg,1,0,1,0,0,0
a_154.jpg,0,0,0,0,0,0
g_86.jpg,1,0,0,0,0,0
g_45.jpg,1,0,0,0,0,0
r3_430.jpg,0,0,0,0,0,1
c_115.jpg,1,1,0,0,0,0
w1_16.jpg,1,1,0,0,0,0
f_102.jpg,1,0,0,1,0,0
r3_124.jpg,0,0,0,0,0,1
b1_230.jpg,1,1,0,0,0,0
r3_463.jpg,0,0,0,0,0,1
s5_118.jpg,1,0,0,0,0,0
r3_111.jpg,0,0,0,0,0,1
a_1211.jpg,1,1,0,0,0,0
s2_399.jpg,1,0,0,0,0,0
a_1096.jpg,1,1,0,0,0,0
s2_41.jpg,0,0,0,0,0,0
s5_398.jpg,0,0,1,0,0,0
d_331.jpg,1,1,0,0,0,0
f_110.jpg,1,0,0,1,0,0
s2_45.jpg,0,0,0,0,0,0
d_333.jpg,1,1,0,0,0,0
w1_106.jpg,1,1,0,0,0,0
b1_256.jpg,1,1,0,0,0,0
s5_28.jpg,0,0,0,0,0,0
s5_40.jpg,0,0,0,0,0,0
s2_95.jpg,0,0,0,0,0,0
s5_214.jpg,0,0,0,0,0,0
a_395.jpg,1,1,0,0,0,0
a_1183.jpg,1,1,0,0,0,0
k8_233.jpg,0,0,1,0,0,0
r4_36.jpg,0,0,0,0,0,1
w1_365.jpg,1,1,0,0,0,0
a_1110.jpg,1,1,0,0,0,0
r3_214.jpg,0,0,0,0,0,1
r3_438.jpg,0,0,0,0,0,1
b1_254.jpg,1,1,0,0,0,0
i3_196.jpg,0,0,0,0,0,0
s1_242.jpg,1,0,0,0,0,0
r3_249.jpg,0,0,0,0,0,1
s5_111.jpg,1,0,0,0,0,0
c_118.jpg,1,1,0,0,0,0
a_432.jpg,1,0,0,0,0,0
k1_39.jpg,1,0,0,0,0,0
r4_50.jpg,0,0,0,0,0,1
a_150.jpg,0,0,0,0,0,0
k4_218.jpg,1,0,1,0,0,0
a_1162.jpg,1,1,0,0,0,0
r3_256.jpg,0,0,0,0,0,1
a_177.jpg,1,0,0,0,0,0
s5_187.jpg,0,0,0,0,0,0
r2_25.jpg,0,0,0,0,0,1
e_45.jpg,1,0,0,1,0,0
s2_115.jpg,1,0,0,0,0,0
c_82.jpg,1,1,0,0,0,0
w1_319.jpg,1,1,0,0,0,0
k3_97.jpg,1,0,0,0,0,0
c_114.jpg,1,1,0,0,0,0
r2_64.jpg,0,0,0,0,0,1
r4_27.jpg,0,0,0,0,0,1
s5_104.jpg,0,0,0,0,0,0
s5_72.jpg,0,0,0,0,0,0
s1_220.jpg,0,0,0,0,0,0
a_1124.jpg,1,1,0,0,0,0
r4_75.jpg,0,0,0,0,0,1
b1_51.jpg,1,1,0,0,0,0
r4_25.jpg,0,0,0,0,0,1
e_5.jpg,1,0,0,1,0,0
a_366.jpg,1,1,0,0,0,0
s1_198.jpg,0,0,0,0,0,0
w1_447.jpg,1,1,1,0,0,0
s2_20.jpg,0,0,0,0,0,0
r4_95.jpg,0,0,0,0,0,1
s1_253.jpg,0,0,0,0,0,0
s2_46.jpg,0,0,0,0,0,0
s5_475.jpg,1,0,0,0,0,0
s2_43.jpg,1,0,0,0,0,0
r3_72.jpg,1,0,0,0,0,1
a_1181.jpg,1,1,0,0,0,0
s5_236.jpg,0,0,0,0,0,0
j1_160.jpg,0,0,0,0,1,0
a_180.jpg,1,0,0,0,0,0
k1_63.jpg,1,0,0,0,0,0
s1_75.jpg,1,0,0,0,0,0
a_1148.jpg,1,1,0,0,0,0
s2_362.jpg,1,0,0,0,0,0
a_1254.jpg,1,1,0,0,0,0
c_74.jpg,1,1,0,0,0,0
c_128.jpg,1,1,0,0,0,0
s2_39.jpg,0,0,0,0,0,0
w1_116.jpg,1,1,0,0,0,0
a_413.jpg,1,0,0,0,0,0
r3_447.jpg,0,0,0,0,0,1
w1_2.jpg,1,0,0,0,0,0
g_53.jpg,1,0,0,0,0,0
b1_177.jpg,1,1,0,0,0,0
c_110.jpg,1,1,0,0,0,0
a_188.jpg,1,1,0,0,0,0
r3_99.jpg,0,0,0,0,0,1
r3_61.jpg,1,0,0,0,0,1
s2_157.jpg,0,0,0,0,0,0
k9_513.jpg,1,0,0,0,0,0
r3_250.jpg,0,0,0,0,0,1
k9_533.jpg,1,0,0,0,0,0
s2_248.jpg,1,0,0,0,0,0
g_158.jpg,1,0,0,0,0,0
b1_103.jpg,1,1,0,0,0,0
e_15.jpg,1,0,0,1,0,0
s5_29.jpg,0,0,0,0,0,0
a_1038.jpg,1,1,0,0,0,0
s1_62.jpg,0,0,0,0,0,0
a_380.jpg,1,1,0,0,0,0
s1_245.jpg,1,0,0,0,0,0
w2_234.jpg,1,1,0,0,0,0
a_144.jpg,0,0,0,0,0,0
a_415.jpg,1,0,0,0,0,0
s5_369.jpg,0,0,0,0,0,0
a_1117.jpg,1,1,0,0,0,0
k8_235.jpg,0,0,1,0,0,0
j1_155.jpg,0,0,1,0,1,0
w1_481.jpg,0,0,1,0,0,0
r2_20.jpg,0,0,0,0,0,1
r3_235.jpg,0,0,0,0,0,1
s5_415.jpg,0,0,1,0,0,0
i3_135.jpg,0,0,0,0,1,0
z1_35.jpg,1,0,0,0,0,0
e_42.jpg,1,0,0,0,0,0
s2_272.jpg,0,0,0,0,0,0
g_157.jpg,1,0,0,0,0,0
s2_184.jpg,0,0,0,0,0,0
a_1077.jpg,1,0,0,0,0,0
wv_341.jpg,1,1,0,0,0,0
r3_83.jpg,0,0,0,0,0,1
r2_85.jpg,0,0,0,0,0,1
s1_31.jpg,0,0,0,0,0,0
r2_79.jpg,0,0,0,0,0,1
s5_373.jpg,0,0,0,0,0,0
s2_163.jpg,0,0,0,0,0,0
s5_273.jpg,0,0,0,0,0,0
a_1261.jpg,1,1,0,0,0,0
a_450.jpg,1,0,0,0,0,0
z2_17.jpg,0,0,0,0,1,0
s2_200.jpg,1,0,0,0,0,0
k8_236.jpg,0,0,1,0,0,0
d_430.jpg,1,1,0,0,0,0
a_308.jpg,1,1,0,0,0,0
s2_308.jpg,1,0,0,0,0,0
a_157.jpg,0,0,0,0,0,0
g_85.jpg,1,0,0,0,0,0
s1_238.jpg,0,0,0,0,0,0
s1_98.jpg,0,0,0,0,0,0
s5_372.jpg,0,0,0,0,0,0
s5_8.jpg,0,0,0,0,0,0
a_449.jpg,1,0,0,0,0,0
a_182.jpg,1,0,0,0,0,0
r3_400.jpg,0,0,0,0,0,1
s1_210.jpg,0,0,0,0,0,0
d_298.jpg,1,1,0,0,0,0
b1_289.jpg,1,1,0,0,0,0
b1_149.jpg,1,1,0,0,0,0
e_71.jpg,1,0,0,1,0,0
a_113.jpg,1,0,0,0,0,0
r4_100.jpg,1,0,0,0,0,1
s5_365.jpg,0,0,0,0,0,0
a_313.jpg,1,1,0,0,0,0
d_273.jpg,1,1,0,0,0,0
d_286.jpg,1,1,0,0,0,0
d_431.jpg,1,1,0,0,0,0
s2_282.jpg,0,0,0,0,0,0
a_1201.jpg,1,1,0,0,0,0
ev_363.jpg,1,0,0,1,0,0
d_442.jpg,1,1,0,0,0,0
b1_249.jpg,1,1,0,0,0,0
s1_184.jpg,1,0,0,0,0,0
a_1034.jpg,1,1,0,0,0,0
r3_390.jpg,0,0,0,0,0,1
s5_345.jpg,0,0,0,0,0,0
s1_43.jpg,0,0,0,0,0,0
r4_23.jpg,0,0,0,0,0,1
i3_179.jpg,0,0,0,0,0,0
k3_115.jpg,1,0,0,0,0,0
b1_286.jpg,1,1,0,0,0,0
s5_437.jpg,0,0,1,0,0,0
s2_155.jpg,1,0,0,0,0,0
e_53.jpg,1,0,0,1,0,0
s5_302.jpg,0,0,0,0,0,0
a_405.jpg,1,1,0,0,0,0
s1_209.jpg,0,0,0,0,0,0
s5_23.jpg,0,0,0,0,0,0
w1_287.jpg,1,1,0,0,0,0
ev_546.jpg,1,0,0,0,0,0
s2_230.jpg,1,0,0,0,0,0
r3_107.jpg,0,0,0,0,0,1
a_417.jpg,1,0,0,0,0,0
b1_201.jpg,1,1,0,0,0,0
z3_60.jpg,0,0,1,0,1,0
k4_202.jpg,0,0,1,0,0,0
k6_188.jpg,1,0,0,0,0,0
k5_50.jpg,1,0,0,0,0,0
e_94.jpg,1,0,0,1,0,0
r3_408.jpg,0,0,0,0,0,1
a_1151.jpg,1,1,0,0,0,0
d_325.jpg,1,1,0,0,0,0
b1_287.jpg,1,1,0,0,0,0
s1_213.jpg,0,0,0,0,0,0
a_1141.jpg,1,1,0,0,0,0
s2_300.jpg,1,0,0,0,0,0
s5_116.jpg,0,0,0,0,0,0
a_1236.jpg,1,1,0,0,0,0
k3_104.jpg,1,0,0,0,0,0
s1_130.jpg,1,0,0,0,0,0
b1_220.jpg,1,1,0,0,0,0
k5_28.jpg,1,0,0,0,0,0
k8_234.jpg,0,0,1,0,0,0
r3_105.jpg,0,0,0,0,0,1
k1_42.jpg,1,0,0,0,0,0
s2_114.jpg,1,0,0,0,0,0
s5_387.jpg,1,0,0,0,0,0
k4_192.jpg,1,0,1,0,0,0
e_7.jpg,1,0,0,1,0,0
d_320.jpg,1,1,0,0,0,0
a_365.jpg,1,1,0,0,0,0
r3_456.jpg,0,0,0,0,0,1
d_285.jpg,1,1,0,0,0,0
f_121.jpg,1,0,0,1,0,0
a_1051.jpg,1,1,0,0,0,0
r2_67.jpg,0,0,0,0,0,1
b1_77.jpg,1,1,0,0,0,0
w1_443.jpg,1,1,1,0,0,0
r3_451.jpg,0,0,0,0,0,1
z2_18.jpg,0,0,0,0,1,0
e_46.jpg,1,0,0,1,0,0
z2_4.jpg,0,0,0,0,1,0
s2_404.jpg,1,0,0,0,0,0
s5_163.jpg,0,0,0,0,0,0
r4_107.jpg,1,0,0,0,0,1
s2_78.jpg,0,0,0,0,0,0
r3_84.jpg,0,0,0,0,0,1
s2_253.jpg,1,0,0,0,0,0
s5_218.jpg,0,0,0,0,0,0
a_163.jpg,1,0,0,0,0,0
w2_240.jpg,1,1,0,0,0,0
s5_466.jpg,0,0,1,0,0,0
z2_14.jpg,0,0,0,0,1,0
f_84.jpg,1,0,0,1,0,0
r4_34.jpg,0,0,0,0,0,1
z2_11.jpg,0,0,0,0,1,0
s2_310.jpg,1,0,0,0,0,0
z2_23.jpg,0,0,0,0,1,0
a_1174.jpg,1,1,0,0,0,0
a_140.jpg,0,0,0,0,0,0
d_446.jpg,1,1,0,0,0,0
z2_26.jpg,0,0,0,0,1,0
w2_202.jpg,1,1,0,0,0,0
i3_144.jpg,0,0,0,0,1,0
i3_148.jpg,0,0,0,0,1,0
s2_395.jpg,1,0,0,0,0,0
r4_92.jpg,0,0,0,0,0,1
b_100.jpg,1,1,0,0,0,0
s2_346.jpg,0,0,0,0,0,0
s1_27.jpg,0,0,0,0,0,0
i1_4.jpg,1,0,1,0,0,0
b1_265.jpg,1,1,0,0,0,0
g_78.jpg,1,0,0,0,0,0
s1_3.jpg,1,0,0,0,0,0
z2_15.jpg,0,0,0,0,1,0
s5_263.jpg,0,0,0,0,0,0
k5_1.jpg,1,0,0,0,0,0
k4_181.jpg,1,0,0,0,0,0
a_1214.jpg,1,1,0,0,0,0
w2_208.jpg,1,0,0,0,0,0
a_1158.jpg,1,1,0,0,0,0
s1_227.jpg,1,0,0,0,0,0
k6_195.jpg,1,0,0,0,0,0
s5_36.jpg,0,0,0,0,0,0
s1_183.jpg,1,0,0,0,0,0
a_1232.jpg,1,1,0,0,0,0
a_1242.jpg,1,1,0,0,0,0
a_359.jpg,1,1,0,0,0,0
r4_106.jpg,1,0,0,0,0,1
s2_375.jpg,1,0,0,0,0,0
iv_269.jpg,0,0,1,0,0,0
s5_4.jpg,0,0,0,0,0,0
s5_329.jpg,0,0,0,0,0,0
c_136.jpg,1,1,0,0,0,0
s5_26.jpg,0,0,0,0,0,0
i3_155.jpg,0,0,1,0,0,0
b1_140.jpg,1,1,0,0,0,0
s5_239.jpg,0,0,0,0,0,0
w2_31.jpg,1,1,1,0,0,0
a_103.jpg,1,1,0,0,0,0
r3_114.jpg,0,0,0,0,0,1
w1_138.jpg,1,1,0,0,0,0
w1_380.jpg,1,1,1,0,0,0
r4_109.jpg,1,0,0,0,0,1
b1_214.jpg,1,1,0,0,0,0
i3_192.jpg,0,0,0,0,0,0
s5_399.jpg,0,0,1,0,0,0
e_77.jpg,1,0,0,0,0,0
k1_20.jpg,1,0,0,0,0,0
s1_248.jpg,0,0,0,0,0,0
d_417.jpg,1,1,0,0,0,0
k5_22.jpg,1,0,0,0,0,0
b1_67.jpg,1,1,0,0,0,0
b1_16.jpg,1,1,0,0,0,0
s5_173.jpg,0,0,0,0,0,0
k2_56.jpg,1,0,0,0,0,0
k6_234.jpg,1,0,0,0,0,0
r2_57.jpg,0,0,0,0,0,1
s2_14.jpg,1,0,0,0,0,0
s5_185.jpg,1,0,1,0,0,0
a_1230.jpg,1,1,0,0,0,0
z2_22.jpg,0,0,0,0,1,0
g_56.jpg,1,0,0,0,0,0
b1_202.jpg,1,1,0,0,0,0
a_1166.jpg,1,1,0,0,0,0
s5_1.jpg,0,0,0,0,0,0
r4_21.jpg,0,0,0,0,0,1
a_160.jpg,0,0,0,0,0,0
s5_150.jpg,0,0,0,0,0,0
r3_290.jpg,0,0,0,0,0,1
w1_154.jpg,1,1,0,0,0,0
s5_268.jpg,0,0,0,0,0,0
r3_464.jpg,0,0,0,0,0,1
r2_29.jpg,0,0,0,0,0,1
s5_188.jpg,1,0,0,0,0,0
c_76.jpg,1,1,0,0,0,0
s2_64.jpg,1,0,0,0,0,0
r2_63.jpg,0,0,0,0,0,1
e_37.jpg,1,0,0,1,0,0
b1_33.jpg,1,1,0,0,0,0
f_106.jpg,1,0,0,1,0,0
w1_157.jpg,1,1,0,0,0,0
s2_254.jpg,1,0,0,0,0,0
s2_208.jpg,0,0,0,0,0,0
a_121.jpg,1,0,0,0,0,0
r4_67.jpg,0,0,0,0,0,1
a_114.jpg,1,0,0,0,0,0
r3_121.jpg,0,0,0,0,0,1
a_338.jpg,1,1,0,0,0,0
r3_406.jpg,0,0,0,0,0,1
s1_155.jpg,1,0,0,0,0,0
r3_25.jpg,0,0,0,0,0,1
b1_88.jpg,1,1,0,0,0,0
s2_326.jpg,1,0,0,0,0,0
s2_42.jpg,0,0,0,0,0,0
b1_63.jpg,1,1,0,0,0,0
b1_276.jpg,1,1,0,0,0,0
b1_236.jpg,1,1,0,0,0,0
k1_2.jpg,1,0,0,0,0,0
s1_37.jpg,0,0,0,0,0,0
s2_141.jpg,1,0,0,0,0,0
i1_0.jpg,1,0,1,0,0,0
s5_308.jpg,0,0,0,0,0,0
d_438.jpg,1,1,0,0,0,0
k8_231.jpg,0,0,1,0,0,0
r3_433.jpg,0,0,0,0,0,1
d_364.jpg,1,1,0,0,0,0
s2_386.jpg,0,0,0,0,0,0
a_431.jpg,1,0,0,0,0,0
d_344.jpg,1,1,0,0,0,0
d_270.jpg,1,1,0,0,0,0
j2_46.jpg,0,0,1,0,0,0
k1_13.jpg,1,0,0,0,0,0
iv_267.jpg,0,0,1,0,0,0
s1_34.jpg,1,0,0,0,0,0
d_293.jpg,1,1,0,0,0,0
s5_39.jpg,0,0,0,0,0,0
s5_126.jpg,1,0,0,0,0,0
w2_38.jpg,1,1,1,1,0,0
b1_247.jpg,1,1,0,0,0,0
b1_279.jpg,1,1,0,0,0,0
r4_1.jpg,0,0,0,0,0,1
b1_35.jpg,1,1,0,0,0,0
r4_89.jpg,0,0,0,0,0,1
a_309.jpg,1,1,0,0,0,0
r3_372.jpg,0,0,0,0,0,1
s5_376.jpg,1,0,0,0,0,0
e_76.jpg,1,0,0,0,0,0
f_119.jpg,1,0,0,1,0,0
r4_10.jpg,0,0,0,0,0,1
a_360.jpg,1,1,0,0,0,0
s2_172.jpg,1,0,0,0,0,0
k2_57.jpg,1,0,0,0,0,0
a_1020.jpg,1,1,0,0,0,0
k4_221.jpg,0,0,1,0,0,0
s2_380.jpg,1,0,0,0,0,0
z3_399.jpg,0,0,1,1,1,0
k8_229.jpg,0,0,1,0,0,0
s1_13.jpg,1,0,0,0,0,0
k5_59.jpg,1,0,0,0,0,0
s2_86.jpg,0,0,0,0,0,0
wv_456.jpg,1,1,0,0,0,0
k9_544.jpg,1,0,0,0,0,0
s2_255.jpg,1,0,0,0,0,0
a_403.jpg,1,1,0,0,0,0
a_1093.jpg,1,1,0,0,0,0
ev_463.jpg,1,0,0,0,0,0
k4_213.jpg,1,0,1,0,0,0
a_159.jpg,0,0,0,0,0,0
s5_82.jpg,0,0,0,0,0,0
s2_198.jpg,1,0,0,0,0,0
s2_221.jpg,1,0,0,0,0,0
c_69.jpg,1,1,0,0,0,0
b1_281.jpg,1,1,0,0,0,0
k6_192.jpg,1,0,0,0,0,0
r3_445.jpg,0,0,0,0,0,1
k1_64.jpg,1,0,0,0,0,0
k4_200.jpg,0,0,1,0,0,0
b1_274.jpg,1,1,0,0,0,0
r2_33.jpg,0,0,0,0,0,1
b1_282.jpg,1,1,0,0,0,0
s1_14.jpg,1,0,0,0,0,0
s5_117.jpg,0,0,0,0,0,0
s1_169.jpg,1,0,0,0,0,0
s5_429.jpg,0,0,1,0,0,0
a_1146.jpg,1,1,0,0,0,0
s5_230.jpg,0,0,0,0,0,0
k5_4.jpg,1,0,0,0,0,0
s5_240.jpg,0,0,0,0,0,0
b1_195.jpg,1,1,0,0,0,0
z2_27.jpg,0,0,0,0,1,0
r4_118.jpg,1,0,0,0,0,1
s1_162.jpg,0,0,0,0,0,0
f_90.jpg,1,0,0,1,0,0
k9_539.jpg,1,0,0,0,0,0
s1_50.jpg,0,0,0,0,0,0
s5_447.jpg,0,0,1,0,0,0
a_1120.jpg,1,1,0,0,0,0
b1_131.jpg,1,1,0,0,0,0
f_95.jpg,1,0,0,1,0,0
s1_15.jpg,1,0,0,0,0,0
i2_158.jpg,0,0,1,0,1,0
s2_73.jpg,1,0,0,0,0,0
s2_76.jpg,0,0,0,0,0,0
s5_227.jpg,0,0,0,0,0,0
s5_91.jpg,0,0,0,0,0,0
c_95.jpg,1,1,0,0,0,0
s5_394.jpg,0,0,1,0,0,0
r4_97.jpg,0,0,0,0,0,1
s5_178.jpg,0,0,0,0,0,0
j1_158.jpg,0,0,0,0,1,0
s2_334.jpg,1,0,0,0,0,0
s2_225.jpg,1,0,0,0,0,0
s5_50.jpg,0,0,0,0,0,0
s2_242.jpg,0,0,0,0,0,0
s5_408.jpg,0,0,1,0,0,0
s5_88.jpg,0,0,0,0,0,0
g_149.jpg,1,0,0,0,0,0
s5_424.jpg,0,0,1,0,0,0
r3_95.jpg,0,0,0,0,0,1
j1_159.jpg,0,0,0,0,1,0
f_111.jpg,1,0,0,1,0,0
r3_110.jpg,0,0,0,0,0,1
f_108.jpg,1,0,0,1,0,0
d_341.jpg,1,1,0,0,0,0
k9_542.jpg,1,0,0,0,0,0
ev_1226.jpg,1,0,0,1,0,0
s5_248.jpg,0,0,0,0,0,0
r2_14.jpg,0,0,0,0,0,1
s1_174.jpg,1,0,0,0,0,0
a_418.jpg,1,0,0,0,0,0
s5_204.jpg,0,0,0,0,0,0
a_116.jpg,1,0,0,0,0,0
s1_260.jpg,0,0,0,0,0,0
z2_35.jpg,0,0,0,0,1,0
b1_268.jpg,1,1,0,0,0,0
s1_57.jpg,0,0,0,0,0,0
s5_24.jpg,0,0,0,0,0,0
b1_156.jpg,1,1,0,0,0,0
r3_46.jpg,0,0,0,0,0,1
s2_306.jpg,0,0,0,0,0,0
s5_262.jpg,0,0,0,0,0,0
s2_397.jpg,1,0,0,0,0,0
s2_391.jpg,1,0,0,0,0,0
j2_244.jpg,0,0,1,1,1,0
j2_48.jpg,0,0,1,0,0,0
s5_252.jpg,1,0,0,0,0,0
s2_189.jpg,1,0,0,0,0,0
s1_208.jpg,1,0,0,0,0,0
r3_264.jpg,0,0,0,0,0,1
r3_123.jpg,0,0,0,0,0,1
z3_53.jpg,0,0,1,0,1,0
s5_377.jpg,1,0,0,0,0,0
s5_356.jpg,0,0,0,0,0,0
a_376.jpg,1,1,0,0,0,0
r2_75.jpg,0,0,0,0,0,1
s5_211.jpg,0,0,0,0,0,0
a_444.jpg,1,0,0,0,0,0
s2_88.jpg,0,0,0,0,0,0
a_1019.jpg,1,1,0,0,0,0
a_1245.jpg,1,1,0,0,0,0
s1_185.jpg,1,0,0,0,0,0
b1_30.jpg,1,1,0,0,0,0
s2_211.jpg,1,0,0,0,0,0
r3_126.jpg,0,0,0,0,0,1
a_1111.jpg,1,1,0,0,0,0
s5_454.jpg,0,0,1,0,0,0
a_141.jpg,0,0,0,0,0,0
a_1194.jpg,1,1,0,0,0,0
r4_53.jpg,0,0,0,0,0,1
s1_82.jpg,0,0,0,0,0,1
s5_403.jpg,0,0,1,0,0,0
s5_381.jpg,1,0,0,0,0,0
r2_83.jpg,0,0,0,0,0,1
k4_168.jpg,1,0,0,0,0,0
b1_144.jpg,1,1,0,0,0,0
s5_89.jpg,0,0,0,0,0,0
a_414.jpg,1,0,0,0,0,0
c_90.jpg,1,1,0,0,0,0
k5_47.jpg,1,0,0,0,0,0
s1_28.jpg,0,0,0,0,0,0
a_1157.jpg,1,1,0,0,0,0
k8_244.jpg,0,0,1,0,0,0
s2_348.jpg,0,0,0,0,0,0
r4_96.jpg,0,0,0,0,0,1
b1_171.jpg,1,1,0,0,0,0
c_145.jpg,1,1,0,0,0,0
i3_154.jpg,0,0,1,0,1,0
s2_174.jpg,0,0,0,0,0,0
r2_58.jpg,0,0,0,0,0,1
f_118.jpg,1,0,0,1,0,0
k7_531.jpg,0,0,1,0,0,0
w1_290.jpg,1,1,0,0,0,0
r3_194.jpg,0,0,0,0,0,1
b1_257.jpg,1,1,0,0,0,0
a_391.jpg,1,1,0,0,0,0
s2_50.jpg,0,0,0,0,0,0
a_1098.jpg,1,1,0,0,0,0
a_416.jpg,1,0,0,0,0,0
d_349.jpg,1,1,0,0,0,0
s2_315.jpg,0,0,0,0,0,0
a_1197.jpg,1,1,0,0,0,0
s2_196.jpg,1,0,0,0,0,0
s1_258.jpg,1,0,0,0,0,0
r3_181.jpg,0,0,0,0,0,1
r4_39.jpg,0,0,0,0,0,1
s2_305.jpg,0,0,0,0,0,0
s2_343.jpg,0,0,0,0,0,0
s2_209.jpg,0,0,0,0,0,0
s5_81.jpg,0,0,0,0,0,0
d_315.jpg,1,1,0,0,0,0
w1_299.jpg,1,1,0,0,0,0
d_359.jpg,1,1,0,0,0,0
a_1105.jpg,1,1,0,0,0,0
i3_197.jpg,0,0,0,0,0,0
s5_220.jpg,0,0,0,0,0,0
s5_177.jpg,0,0,0,0,0,0
i2_162.jpg,0,0,1,0,1,0
e_20.jpg,1,0,0,1,0,0
s5_332.jpg,0,0,0,0,0,0
s5_407.jpg,0,0,1,0,0,0
k3_106.jpg,1,0,0,0,0,0
r3_461.jpg,0,0,0,0,0,1
a_1188.jpg,1,1,0,0,0,0
s2_284.jpg,0,0,0,0,0,0
r3_225.jpg,0,0,0,0,0,1
s1_196.jpg,0,0,0,0,0,0
e_84.jpg,1,0,0,1,0,0
a_148.jpg,0,0,0,0,0,0
r2_86.jpg,0,0,0,0,0,1
s5_278.jpg,0,0,0,0,0,0
d_350.jpg,1,1,0,0,0,0
w1_367.jpg,1,1,0,0,0,0
r3_361.jpg,0,0,0,0,0,1
b1_245.jpg,1,1,0,0,0,0
e_90.jpg,1,0,0,1,0,0
f_88.jpg,1,0,0,1,0,0
d_452.jpg,1,1,0,0,0,0
f_120.jpg,1,0,0,1,0,0
s1_40.jpg,0,0,0,0,0,0
w1_479.jpg,1,1,1,0,0,0
fv_474.jpg,1,0,0,1,0,0
s1_72.jpg,1,0,0,0,0,0
s1_2.jpg,0,0,0,0,0,0
s1_51.jpg,0,0,0,0,0,0
s2_126.jpg,0,0,0,0,0,0
s2_302.jpg,1,0,0,0,0,0
j2_45.jpg,0,0,1,0,0,0
s2_389.jpg,0,0,0,0,0,0
a_404.jpg,1,1,0,0,0,0
b1_70.jpg,1,1,0,0,0,0
s5_93.jpg,0,0,0,0,0,0
s1_186.jpg,1,0,0,0,0,0
k1_15.jpg,1,0,0,0,0,0
s1_178.jpg,1,0,0,0,0,0
s2_62.jpg,0,0,0,0,0,0
r4_79.jpg,0,0,0,0,0,1
s5_95.jpg,0,0,0,0,0,0
s5_297.jpg,0,0,0,0,0,0
s2_169.jpg,1,0,0,0,0,0
s5_279.jpg,0,0,0,0,0,0
s1_230.jpg,1,0,0,0,0,0
s1_273.jpg,0,0,0,0,0,0
b1_134.jpg,1,1,0,0,0,0
i3_178.jpg,0,0,0,0,0,0
r4_38.jpg,0,0,0,0,0,1
b1_225.jpg,1,1,0,0,0,0
s5_205.jpg,0,0,0,0,0,0
e_74.jpg,1,0,0,1,0,0
s5_342.jpg,0,0,0,0,0,0
r3_176.jpg,0,0,0,0,0,1
e_27.jpg,1,0,0,1,0,0
r3_112.jpg,0,0,0,0,0,1
b1_221.jpg,1,1,0,0,0,0
b1_297.jpg,1,1,0,0,0,0
r3_73.jpg,1,0,0,0,0,1
fv_311.jpg,1,0,0,1,0,0
r4_66.jpg,0,0,0,0,0,1
r3_370.jpg,0,0,0,0,0,1
c_148.jpg,1,1,0,0,0,0
d_346.jpg,1,1,0,0,0,0
c_134.jpg,1,1,0,0,0,0
r3_283.jpg,0,0,0,0,0,1
s1_23.jpg,0,0,0,0,0,0
s2_67.jpg,0,0,0,0,0,0
a_1024.jpg,1,1,0,0,0,0
c_139.jpg,1,1,0,0,0,0
d_276.jpg,1,1,0,0,0,0
k5_15.jpg,1,0,0,0,0,0
a_1049.jpg,1,1,0,0,0,0
g_155.jpg,1,0,0,0,0,0
b1_240.jpg,1,1,0,0,0,0
s1_142.jpg,1,0,0,0,0,0
a_392.jpg,1,1,0,0,0,0
k6_187.jpg,1,0,0,0,0,0
d_312.jpg,1,1,0,0,0,0
f_87.jpg,1,0,0,1,0,0
a_127.jpg,0,0,0,0,0,0
s5_321.jpg,0,0,0,0,0,0
k5_76.jpg,1,0,0,0,0,0
a_123.jpg,0,0,0,0,0,0
g_173.jpg,1,0,0,0,0,0
a_1133.jpg,1,1,0,0,0,0
r3_399.jpg,0,0,0,0,0,1
fv_386.jpg,1,0,0,1,0,0
s5_351.jpg,0,0,0,0,0,0
a_322.jpg,1,1,0,0,0,0
s1_12.jpg,1,0,0,0,0,0
r3_416.jpg,0,0,0,0,0,1
s5_307.jpg,0,0,0,0,0,0
b1_261.jpg,1,1,0,0,0,0
z2_21.jpg,0,0,0,0,1,0
a_1262.jpg,1,1,0,0,0,0
r4_31.jpg,0,0,0,0,0,1
s2_228.jpg,1,0,0,0,0,0
g_182.jpg,1,0,0,0,0,0
w2_12.jpg,1,1,1,0,0,0
s2_401.jpg,1,0,0,0,0,0
b1_280.jpg,1,1,0,0,0,0
c_109.jpg,1,1,0,0,0,0
j1_153.jpg,0,0,1,0,1,0
a_341.jpg,1,1,0,0,0,0
s1_4.jpg,1,0,0,0,0,0
b1_102.jpg,1,1,0,0,0,0
s5_172.jpg,0,0,0,0,0,0
r3_276.jpg,0,0,0,0,0,1
k9_537.jpg,1,0,0,0,0,0
s2_131.jpg,0,0,0,0,0,0
r4_46.jpg,0,0,0,0,0,1
s2_301.jpg,1,0,0,0,0,0
c_103.jpg,1,1,0,0,0,0
s5_287.jpg,0,0,0,0,0,0
g_82.jpg,1,0,0,0,0,0
a_442.jpg,1,0,0,0,0,0
r2_43.jpg,0,0,0,0,0,1
d_288.jpg,1,1,0,0,0,0
w2_205.jpg,1,1,0,0,0,0
b1_258.jpg,1,1,0,0,0,0
s1_102.jpg,1,0,0,0,0,0
r3_254.jpg,0,0,0,0,0,1
b1_132.jpg,1,1,0,0,0,0
b1_116.jpg,1,1,0,0,0,0
s1_93.jpg,0,0,0,0,0,0
s5_296.jpg,0,0,0,0,0,0
s2_243.jpg,0,0,0,0,0,0
d_339.jpg,1,1,0,0,0,0
j2_41.jpg,0,1,1,0,0,0
e_60.jpg,1,0,0,1,0,0
s1_166.jpg,0,0,0,0,0,0
s5_339.jpg,0,0,0,0,0,0
r4_83.jpg,0,0,0,0,0,1
s1_126.jpg,0,0,0,0,0,0
a_1091.jpg,1,1,0,0,0,0
r3_279.jpg,0,0,0,0,0,1
r3_45.jpg,0,0,0,0,0,1
g_203.jpg,1,0,0,0,0,0
s2_51.jpg,0,0,0,0,0,0
s2_8.jpg,1,0,0,0,0,0
a_128.jpg,0,0,0,0,0,0
s5_402.jpg,0,0,1,0,0,0
s1_187.jpg,1,0,0,0,0,0
s1_55.jpg,0,0,0,0,0,0
s2_59.jpg,0,0,0,0,0,0
s5_479.jpg,0,0,0,0,0,0
a_1215.jpg,1,1,0,0,0,0
s2_28.jpg,1,0,0,0,0,0
k2_53.jpg,1,0,0,0,0,0
k5_33.jpg,1,0,0,0,0,0
c_94.jpg,1,1,0,0,0,0
a_1228.jpg,1,1,0,0,0,0
a_306.jpg,1,1,0,0,0,0
s2_203.jpg,0,0,0,0,0,0
a_1087.jpg,1,1,0,0,0,0
r3_260.jpg,0,0,0,0,0,1
s5_145.jpg,0,0,0,0,0,0
k3_85.jpg,1,0,0,0,0,0
s5_124.jpg,1,0,0,0,0,0
d_307.jpg,1,1,0,0,0,0
k5_54.jpg,1,0,0,0,0,0
a_1063.jpg,1,1,0,0,0,0
a_362.jpg,1,1,0,0,0,0
a_423.jpg,1,0,0,0,0,0
s5_340.jpg,0,0,0,0,0,0
g_198.jpg,1,0,0,0,0,0
a_1222.jpg,1,1,0,0,0,0
a_393.jpg,1,1,0,0,0,0
s2_379.jpg,0,0,0,0,0,0
d_310.jpg,1,1,0,0,0,0
s2_276.jpg,1,0,0,0,0,0
s5_301.jpg,0,0,0,0,0,0
r2_17.jpg,0,0,0,0,0,1
k3_66.jpg,1,0,0,0,0,0
s2_363.jpg,1,0,0,0,0,0
k5_34.jpg,1,0,0,0,0,0
a_1251.jpg,1,1,0,0,0,0
s5_140.jpg,0,0,0,0,0,0
k9_525.jpg,1,0,0,0,0,0
k6_184.jpg,1,0,0,0,0,0
s2_124.jpg,1,0,0,0,0,0
s5_462.jpg,0,0,1,0,0,0
s5_271.jpg,0,0,0,0,0,0
r3_183.jpg,0,0,0,0,0,1
s2_170.jpg,0,0,0,0,0,0
s5_338.jpg,0,0,0,0,0,0
a_1143.jpg,1,1,0,0,0,0
r2_19.jpg,0,0,0,0,0,1
a_117.jpg,1,0,0,0,0,0
s5_174.jpg,0,0,0,0,0,0
s2_347.jpg,0,0,0,0,0,0
a_1058.jpg,1,1,0,0,0,0
s5_390.jpg,0,0,1,0,0,0
s5_283.jpg,0,0,0,0,0,0
k5_21.jpg,1,0,0,0,0,0
k8_232.jpg,0,0,1,0,0,0
z3_47.jpg,1,0,1,0,1,0
k4_216.jpg,1,0,1,0,0,0
d_277.jpg,1,1,0,0,0,0
s5_166.jpg,0,0,0,0,0,0
a_368.jpg,1,1,0,0,0,0
s2_233.jpg,1,0,0,0,0,0
z1_37.jpg,1,0,1,0,0,0
w2_63.jpg,1,1,0,0,0,0
c_121.jpg,1,1,0,0,0,0
w1_18.jpg,1,1,0,0,0,0
k5_37.jpg,1,0,0,0,0,0
s2_57.jpg,0,0,0,0,0,0
b1_141.jpg,1,1,0,0,0,0
r4_112.jpg,0,0,0,0,0,1
a_1246.jpg,1,1,0,0,0,0
g_54.jpg,1,0,0,0,0,0
r3_172.jpg,0,0,0,0,0,1
e_79.jpg,1,0,0,1,0,0
i3_146.jpg,0,0,0,0,1,0
a_1208.jpg,1,1,0,0,0,0
k5_25.jpg,1,0,0,0,0,0
a_1095.jpg,1,1,0,0,0,0
b1_160.jpg,1,1,0,0,0,0
g_200.jpg,1,0,0,0,0,0
s5_43.jpg,0,0,0,0,0,0
a_142.jpg,0,0,0,0,0,0
b1_205.jpg,1,1,0,0,0,0
r2_53.jpg,0,0,0,0,0,1
s5_441.jpg,0,0,1,0,0,0
b1_89.jpg,1,1,0,0,0,0
s2_286.jpg,1,0,0,0,0,0
r3_80.jpg,0,0,0,0,0,1
b1_25.jpg,1,1,0,0,0,0
i2_164.jpg,0,0,1,0,1,0
s5_299.jpg,0,0,0,0,0,0
ev_644.jpg,1,0,0,0,0,0
k4_173.jpg,1,0,0,0,0,0
s5_170.jpg,0,0,0,0,0,0
a_1186.jpg,1,1,0,0,0,0
s1_216.jpg,1,0,0,0,0,0
b1_159.jpg,1,1,0,0,0,0
r2_26.jpg,0,0,0,0,0,1
s5_453.jpg,0,0,1,0,0,0
b1_298.jpg,1,1,0,0,0,0
s5_152.jpg,1,0,0,0,0,0
r3_239.jpg,0,0,0,0,0,1
b1_73.jpg,1,1,0,0,0,0
w2_54.jpg,1,1,0,0,0,0
i1_14.jpg,1,0,1,0,0,0
s1_30.jpg,0,0,0,0,0,0
s5_448.jpg,0,0,1,0,0,0
g_40.jpg,1,0,0,1,0,0
k5_31.jpg,1,0,0,0,0,0
b1_124.jpg,1,1,0,0,0,0
a_1109.jpg,1,1,0,0,0,0
s5_48.jpg,0,0,0,0,0,0
s2_246.jpg,1,0,0,0,0,0
b1_136.jpg,1,1,0,0,0,0
a_345.jpg,1,1,0,0,0,0
s1_150.jpg,1,0,0,0,0,0
j1_161.jpg,0,0,0,0,1,0
s5_106.jpg,0,0,0,0,0,0
a_172.jpg,1,1,0,0,0,0
s5_148.jpg,0,0,0,0,0,0
s2_256.jpg,1,0,0,0,0,0
s5_359.jpg,0,0,0,0,0,0
s5_426.jpg,0,0,1,0,0,0
a_1102.jpg,1,1,0,0,0,0
a_1250.jpg,1,1,0,0,0,0
a_1144.jpg,1,1,0,0,0,0
k4_180.jpg,1,0,0,0,0,0
d_351.jpg,1,1,0,0,0,0
s2_152.jpg,1,0,0,0,0,0
s2_192.jpg,1,0,0,0,0,0
a_1122.jpg,1,1,0,0,0,0
s5_347.jpg,0,0,0,0,0,0
